file,line,type,commit,author,date,time,timezone,datetime,depth,length
style.css,1,css,8a115f13,hasaam303,2025-10-15,15:16:29,-07:00,2025-10-15T15:16:29-07:00,0,4
style.css,2,css,8a115f13,hasaam303,2025-10-15,15:16:29,-07:00,2025-10-15T15:16:29-07:00,1,23
style.css,3,css,8a115f13,hasaam303,2025-10-15,15:16:29,-07:00,2025-10-15T15:16:29-07:00,0,0
style.css,4,css,a10e9dd6,hasaam303,2025-10-10,14:19:44,-07:00,2025-10-10T14:19:44-07:00,0,4
style.css,5,css,a10e9dd6,hasaam303,2025-10-10,14:19:44,-07:00,2025-10-10T14:19:44-07:00,1,56
style.css,6,css,8a115f13,hasaam303,2025-10-15,15:16:29,-07:00,2025-10-15T15:16:29-07:00,1,116
style.css,7,css,a10e9dd6,hasaam303,2025-10-10,14:19:44,-07:00,2025-10-10T14:19:44-07:00,0,0
style.css,8,css,a10e9dd6,hasaam303,2025-10-10,14:19:44,-07:00,2025-10-10T14:19:44-07:00,0,62
style.css,9,css,a10e9dd6,hasaam303,2025-10-10,14:19:44,-07:00,2025-10-10T14:19:44-07:00,0,41
style.css,10,css,a10e9dd6,hasaam303,2025-10-10,14:19:44,-07:00,2025-10-10T14:19:44-07:00,0,0
style.css,11,css,0c8be36d,hasaam303,2025-10-02,20:23:21,-07:00,2025-10-02T20:23:21-07:00,0,0
style.css,12,css,0c8be36d,hasaam303,2025-10-02,20:23:21,-07:00,2025-10-02T20:23:21-07:00,0,10
style.css,13,css,9ca5ae4d,hasaam303,2025-10-02,14:18:49,-07:00,2025-10-02T14:18:49-07:00,0,3
style.css,14,css,0c8be36d,hasaam303,2025-10-02,20:23:21,-07:00,2025-10-02T20:23:21-07:00,1,11
style.css,15,css,0c8be36d,hasaam303,2025-10-02,20:23:21,-07:00,2025-10-02T20:23:21-07:00,1,11
style.css,16,css,974122d2,hasaam303,2025-10-02,15:00:23,-07:00,2025-10-02T15:00:23-07:00,0,0
style.css,17,css,974122d2,hasaam303,2025-10-02,15:00:23,-07:00,2025-10-02T15:00:23-07:00,0,0
style.css,18,css,c39eb015,hasaam303,2025-10-03,14:49:18,-07:00,2025-10-03T14:49:18-07:00,0,24
style.css,19,css,c39eb015,hasaam303,2025-10-03,14:49:18,-07:00,2025-10-03T14:49:18-07:00,0,58
style.css,20,css,7b51a30e,hasaam303,2025-10-03,14:46:26,-07:00,2025-10-03T14:46:26-07:00,0,0
style.css,21,css,0c8be36d,hasaam303,2025-10-02,20:23:21,-07:00,2025-10-02T20:23:21-07:00,0,18
style.css,22,css,8a115f13,hasaam303,2025-10-15,15:16:29,-07:00,2025-10-15T15:16:29-07:00,0,3
style.css,23,css,8a115f13,hasaam303,2025-10-15,15:16:29,-07:00,2025-10-15T15:16:29-07:00,1,39
style.css,24,css,8a115f13,hasaam303,2025-10-15,15:16:29,-07:00,2025-10-15T15:16:29-07:00,1,43
style.css,25,css,8a115f13,hasaam303,2025-10-15,15:16:29,-07:00,2025-10-15T15:16:29-07:00,1,12
style.css,26,css,8a115f13,hasaam303,2025-10-15,15:16:29,-07:00,2025-10-15T15:16:29-07:00,1,8
style.css,27,css,8a115f13,hasaam303,2025-10-15,15:16:29,-07:00,2025-10-15T15:16:29-07:00,1,14
style.css,28,css,8a115f13,hasaam303,2025-10-15,15:16:29,-07:00,2025-10-15T15:16:29-07:00,1,18
style.css,29,css,a10e9dd6,hasaam303,2025-10-10,14:19:44,-07:00,2025-10-10T14:19:44-07:00,0,0
style.css,30,css,a10e9dd6,hasaam303,2025-10-10,14:19:44,-07:00,2025-10-10T14:19:44-07:00,0,0
style.css,31,css,a10e9dd6,hasaam303,2025-10-10,14:19:44,-07:00,2025-10-10T14:19:44-07:00,0,4
style.css,32,css,a10e9dd6,hasaam303,2025-10-10,14:19:44,-07:00,2025-10-10T14:19:44-07:00,1,73
style.css,33,css,a10e9dd6,hasaam303,2025-10-10,14:19:44,-07:00,2025-10-10T14:19:44-07:00,1,19
style.css,34,css,a10e9dd6,hasaam303,2025-10-10,14:19:44,-07:00,2025-10-10T14:19:44-07:00,1,12
style.css,35,css,a10e9dd6,hasaam303,2025-10-10,14:19:44,-07:00,2025-10-10T14:19:44-07:00,1,19
style.css,36,css,a10e9dd6,hasaam303,2025-10-10,14:19:44,-07:00,2025-10-10T14:19:44-07:00,1,14
style.css,37,css,a10e9dd6,hasaam303,2025-10-10,14:19:44,-07:00,2025-10-10T14:19:44-07:00,1,70
style.css,38,css,a10e9dd6,hasaam303,2025-10-10,14:19:44,-07:00,2025-10-10T14:19:44-07:00,0,0
style.css,39,css,a10e9dd6,hasaam303,2025-10-10,14:19:44,-07:00,2025-10-10T14:19:44-07:00,0,0
style.css,40,css,a10e9dd6,hasaam303,2025-10-10,14:19:44,-07:00,2025-10-10T14:19:44-07:00,0,21
style.css,41,css,8a115f13,hasaam303,2025-10-15,15:16:29,-07:00,2025-10-15T15:16:29-07:00,0,12
style.css,42,css,a10e9dd6,hasaam303,2025-10-10,14:19:44,-07:00,2025-10-10T14:19:44-07:00,1,24
style.css,43,css,a10e9dd6,hasaam303,2025-10-10,14:19:44,-07:00,2025-10-10T14:19:44-07:00,1,66
style.css,44,css,a10e9dd6,hasaam303,2025-10-10,14:19:44,-07:00,2025-10-10T14:19:44-07:00,1,33
style.css,45,css,8a115f13,hasaam303,2025-10-15,15:16:29,-07:00,2025-10-15T15:16:29-07:00,1,13
style.css,46,css,a10e9dd6,hasaam303,2025-10-10,14:19:44,-07:00,2025-10-10T14:19:44-07:00,0,0
style.css,47,css,a10e9dd6,hasaam303,2025-10-10,14:19:44,-07:00,2025-10-10T14:19:44-07:00,0,0
style.css,48,css,a10e9dd6,hasaam303,2025-10-10,14:19:44,-07:00,2025-10-10T14:19:44-07:00,0,63
style.css,49,css,a10e9dd6,hasaam303,2025-10-10,14:19:44,-07:00,2025-10-10T14:19:44-07:00,0,10
style.css,50,css,a10e9dd6,hasaam303,2025-10-10,14:19:44,-07:00,2025-10-10T14:19:44-07:00,1,19
style.css,51,css,a10e9dd6,hasaam303,2025-10-10,14:19:44,-07:00,2025-10-10T14:19:44-07:00,1,24
style.css,52,css,a10e9dd6,hasaam303,2025-10-10,14:19:44,-07:00,2025-10-10T14:19:44-07:00,1,38
style.css,53,css,a10e9dd6,hasaam303,2025-10-10,14:19:44,-07:00,2025-10-10T14:19:44-07:00,1,33
style.css,54,css,a10e9dd6,hasaam303,2025-10-10,14:19:44,-07:00,2025-10-10T14:19:44-07:00,1,32
style.css,55,css,a10e9dd6,hasaam303,2025-10-10,14:19:44,-07:00,2025-10-10T14:19:44-07:00,1,70
style.css,56,css,a10e9dd6,hasaam303,2025-10-10,14:19:44,-07:00,2025-10-10T14:19:44-07:00,1,26
style.css,57,css,fa5e488b,hasaam303,2025-10-10,14:10:06,-07:00,2025-10-10T14:10:06-07:00,0,0
style.css,58,css,0c8be36d,hasaam303,2025-10-02,20:23:21,-07:00,2025-10-02T20:23:21-07:00,0,42
style.css,59,css,06f166cb,hasaam303,2025-10-10,13:11:07,-07:00,2025-10-10T13:11:07-07:00,0,4
style.css,60,css,06f166cb,hasaam303,2025-10-10,13:11:07,-07:00,2025-10-10T13:11:07-07:00,1,23
style.css,61,css,06f166cb,hasaam303,2025-10-10,13:11:07,-07:00,2025-10-10T13:11:07-07:00,1,35
style.css,62,css,06f166cb,hasaam303,2025-10-10,13:11:07,-07:00,2025-10-10T13:11:07-07:00,1,14
style.css,63,css,06f166cb,hasaam303,2025-10-10,13:11:07,-07:00,2025-10-10T13:11:07-07:00,1,57
style.css,64,css,06f166cb,hasaam303,2025-10-10,13:11:07,-07:00,2025-10-10T13:11:07-07:00,0,0
style.css,65,css,0c8be36d,hasaam303,2025-10-02,20:23:21,-07:00,2025-10-02T20:23:21-07:00,0,0
style.css,66,css,0c8be36d,hasaam303,2025-10-02,20:23:21,-07:00,2025-10-02T20:23:21-07:00,0,23
style.css,67,css,0c8be36d,hasaam303,2025-10-02,20:23:21,-07:00,2025-10-02T20:23:21-07:00,0,32
style.css,68,css,00a01ea4,hasaam303,2025-10-10,14:25:17,-07:00,2025-10-10T14:25:17-07:00,0,63
style.css,69,css,00a01ea4,hasaam303,2025-10-10,14:25:17,-07:00,2025-10-10T14:25:17-07:00,0,0
style.css,70,css,00a01ea4,hasaam303,2025-10-10,14:25:17,-07:00,2025-10-10T14:25:17-07:00,0,32
style.css,71,css,00a01ea4,hasaam303,2025-10-10,14:25:17,-07:00,2025-10-10T14:25:17-07:00,0,9
style.css,72,css,9c553624,hasaam303,2025-10-10,14:39:55,-07:00,2025-10-10T14:39:55-07:00,1,12
style.css,73,css,9c553624,hasaam303,2025-10-10,14:39:55,-07:00,2025-10-10T14:39:55-07:00,1,58
style.css,74,css,9c553624,hasaam303,2025-10-10,14:39:55,-07:00,2025-10-10T14:39:55-07:00,1,11
style.css,75,css,9c553624,hasaam303,2025-10-10,14:39:55,-07:00,2025-10-10T14:39:55-07:00,1,15
style.css,76,css,00a01ea4,hasaam303,2025-10-10,14:25:17,-07:00,2025-10-10T14:25:17-07:00,0,0
style.css,77,css,00a01ea4,hasaam303,2025-10-10,14:25:17,-07:00,2025-10-10T14:25:17-07:00,0,0
style.css,78,css,9c553624,hasaam303,2025-10-10,14:39:55,-07:00,2025-10-10T14:39:55-07:00,0,31
style.css,79,css,9c553624,hasaam303,2025-10-10,14:39:55,-07:00,2025-10-10T14:39:55-07:00,0,62
style.css,80,css,9c553624,hasaam303,2025-10-10,14:39:55,-07:00,2025-10-10T14:39:55-07:00,0,99
style.css,81,css,9c553624,hasaam303,2025-10-10,14:39:55,-07:00,2025-10-10T14:39:55-07:00,0,51
style.css,82,css,a39a23a6,hasaam303,2025-10-10,21:11:45,-07:00,2025-10-10T21:11:45-07:00,0,0
style.css,83,css,a39a23a6,hasaam303,2025-10-10,21:11:45,-07:00,2025-10-10T21:11:45-07:00,0,7
style.css,84,css,a39a23a6,hasaam303,2025-10-10,21:11:45,-07:00,2025-10-10T21:11:45-07:00,1,41
style.css,85,css,a39a23a6,hasaam303,2025-10-10,21:11:45,-07:00,2025-10-10T21:11:45-07:00,1,10
style.css,86,css,a39a23a6,hasaam303,2025-10-10,21:11:45,-07:00,2025-10-10T21:11:45-07:00,1,15
style.css,87,css,a39a23a6,hasaam303,2025-10-10,21:11:45,-07:00,2025-10-10T21:11:45-07:00,1,13
style.css,88,css,a39a23a6,hasaam303,2025-10-10,21:11:45,-07:00,2025-10-10T21:11:45-07:00,1,15
style.css,89,css,a39a23a6,hasaam303,2025-10-10,21:11:45,-07:00,2025-10-10T21:11:45-07:00,1,12
style.css,90,css,a39a23a6,hasaam303,2025-10-10,21:11:45,-07:00,2025-10-10T21:11:45-07:00,0,0
style.css,91,css,a39a23a6,hasaam303,2025-10-10,21:11:45,-07:00,2025-10-10T21:11:45-07:00,0,0
style.css,92,css,a39a23a6,hasaam303,2025-10-10,21:11:45,-07:00,2025-10-10T21:11:45-07:00,0,17
style.css,93,css,a39a23a6,hasaam303,2025-10-10,21:11:45,-07:00,2025-10-10T21:11:45-07:00,1,16
style.css,94,css,a39a23a6,hasaam303,2025-10-10,21:11:45,-07:00,2025-10-10T21:11:45-07:00,1,21
style.css,95,css,a39a23a6,hasaam303,2025-10-10,21:11:45,-07:00,2025-10-10T21:11:45-07:00,0,0
style.css,96,css,a39a23a6,hasaam303,2025-10-10,21:11:45,-07:00,2025-10-10T21:11:45-07:00,0,0
style.css,97,css,a39a23a6,hasaam303,2025-10-10,21:11:45,-07:00,2025-10-10T21:11:45-07:00,0,16
style.css,98,css,a39a23a6,hasaam303,2025-10-10,21:11:45,-07:00,2025-10-10T21:11:45-07:00,1,17
style.css,99,css,a39a23a6,hasaam303,2025-10-10,21:11:45,-07:00,2025-10-10T21:11:45-07:00,1,13
style.css,100,css,a39a23a6,hasaam303,2025-10-10,21:11:45,-07:00,2025-10-10T21:11:45-07:00,0,0
style.css,101,css,a39a23a6,hasaam303,2025-10-10,21:11:45,-07:00,2025-10-10T21:11:45-07:00,0,0
style.css,102,css,a39a23a6,hasaam303,2025-10-10,21:11:45,-07:00,2025-10-10T21:11:45-07:00,0,16
style.css,103,css,a39a23a6,hasaam303,2025-10-10,21:11:45,-07:00,2025-10-10T21:11:45-07:00,1,13
style.css,104,css,a39a23a6,hasaam303,2025-10-10,21:11:45,-07:00,2025-10-10T21:11:45-07:00,1,20
style.css,105,css,a39a23a6,hasaam303,2025-10-10,21:11:45,-07:00,2025-10-10T21:11:45-07:00,0,0
style.css,106,css,a39a23a6,hasaam303,2025-10-10,21:11:45,-07:00,2025-10-10T21:11:45-07:00,0,0
style.css,107,css,a39a23a6,hasaam303,2025-10-10,21:11:45,-07:00,2025-10-10T21:11:45-07:00,0,22
style.css,108,css,a39a23a6,hasaam303,2025-10-10,21:11:45,-07:00,2025-10-10T21:11:45-07:00,1,25
style.css,109,css,a39a23a6,hasaam303,2025-10-10,21:11:45,-07:00,2025-10-10T21:11:45-07:00,0,0
style.css,110,css,a39a23a6,hasaam303,2025-10-10,21:11:45,-07:00,2025-10-10T21:11:45-07:00,0,0
style.css,111,css,a39a23a6,hasaam303,2025-10-10,21:11:45,-07:00,2025-10-10T21:11:45-07:00,0,10
style.css,112,css,a39a23a6,hasaam303,2025-10-10,21:11:45,-07:00,2025-10-10T21:11:45-07:00,1,16
style.css,113,css,a39a23a6,hasaam303,2025-10-10,21:11:45,-07:00,2025-10-10T21:11:45-07:00,1,28
style.css,114,css,a39a23a6,hasaam303,2025-10-10,21:11:45,-07:00,2025-10-10T21:11:45-07:00,1,21
style.css,115,css,a39a23a6,hasaam303,2025-10-10,21:11:45,-07:00,2025-10-10T21:11:45-07:00,1,17
style.css,116,css,a39a23a6,hasaam303,2025-10-10,21:11:45,-07:00,2025-10-10T21:11:45-07:00,1,20
style.css,117,css,a39a23a6,hasaam303,2025-10-10,21:11:45,-07:00,2025-10-10T21:11:45-07:00,0,0
style.css,118,css,a39a23a6,hasaam303,2025-10-10,21:11:45,-07:00,2025-10-10T21:11:45-07:00,0,0
style.css,119,css,a39a23a6,hasaam303,2025-10-10,21:11:45,-07:00,2025-10-10T21:11:45-07:00,0,10
style.css,120,css,a39a23a6,hasaam303,2025-10-10,21:11:45,-07:00,2025-10-10T21:11:45-07:00,1,14
style.css,121,css,a39a23a6,hasaam303,2025-10-10,21:11:45,-07:00,2025-10-10T21:11:45-07:00,1,20
style.css,122,css,a39a23a6,hasaam303,2025-10-10,21:11:45,-07:00,2025-10-10T21:11:45-07:00,0,0
style.css,123,css,a39a23a6,hasaam303,2025-10-10,21:11:45,-07:00,2025-10-10T21:11:45-07:00,0,0
style.css,124,css,a39a23a6,hasaam303,2025-10-10,21:11:45,-07:00,2025-10-10T21:11:45-07:00,0,17
style.css,125,css,a39a23a6,hasaam303,2025-10-10,21:11:45,-07:00,2025-10-10T21:11:45-07:00,1,22
style.css,126,css,a39a23a6,hasaam303,2025-10-10,21:11:45,-07:00,2025-10-10T21:11:45-07:00,0,0
style.css,127,css,a39a23a6,hasaam303,2025-10-10,21:11:45,-07:00,2025-10-10T21:11:45-07:00,0,0
style.css,128,css,a39a23a6,hasaam303,2025-10-10,21:11:45,-07:00,2025-10-10T21:11:45-07:00,0,10
style.css,129,css,a39a23a6,hasaam303,2025-10-10,21:11:45,-07:00,2025-10-10T21:11:45-07:00,1,27
style.css,130,css,a39a23a6,hasaam303,2025-10-10,21:11:45,-07:00,2025-10-10T21:11:45-07:00,0,0
style.css,131,css,a39a23a6,hasaam303,2025-10-10,21:11:45,-07:00,2025-10-10T21:11:45-07:00,0,0
style.css,132,css,a39a23a6,hasaam303,2025-10-10,21:11:45,-07:00,2025-10-10T21:11:45-07:00,0,10
style.css,133,css,a39a23a6,hasaam303,2025-10-10,21:11:45,-07:00,2025-10-10T21:11:45-07:00,1,20
style.css,134,css,a39a23a6,hasaam303,2025-10-10,21:11:45,-07:00,2025-10-10T21:11:45-07:00,0,0
style.css,135,css,a39a23a6,hasaam303,2025-10-10,21:11:45,-07:00,2025-10-10T21:11:45-07:00,0,0
style.css,136,css,a39a23a6,hasaam303,2025-10-10,21:11:45,-07:00,2025-10-10T21:11:45-07:00,0,42
style.css,137,css,a39a23a6,hasaam303,2025-10-10,21:11:45,-07:00,2025-10-10T21:11:45-07:00,1,13
style.css,138,css,a39a23a6,hasaam303,2025-10-10,21:11:45,-07:00,2025-10-10T21:11:45-07:00,1,10
style.css,139,css,4c0d2127,hasaam303,2025-10-15,14:41:33,-07:00,2025-10-15T14:41:33-07:00,0,0
style.css,140,css,4c0d2127,hasaam303,2025-10-15,14:41:33,-07:00,2025-10-15T14:41:33-07:00,0,0
style.css,141,css,4c0d2127,hasaam303,2025-10-15,14:41:33,-07:00,2025-10-15T14:41:33-07:00,0,13
style.css,142,css,4c0d2127,hasaam303,2025-10-15,14:41:33,-07:00,2025-10-15T14:41:33-07:00,1,29
style.css,143,css,4c0d2127,hasaam303,2025-10-15,14:41:33,-07:00,2025-10-15T14:41:33-07:00,1,11
style.css,144,css,8a115f13,hasaam303,2025-10-15,15:16:29,-07:00,2025-10-15T15:16:29-07:00,0,0
style.css,145,css,8a115f13,hasaam303,2025-10-15,15:16:29,-07:00,2025-10-15T15:16:29-07:00,0,0
style.css,146,css,8a115f13,hasaam303,2025-10-15,15:16:29,-07:00,2025-10-15T15:16:29-07:00,0,13
style.css,147,css,8a115f13,hasaam303,2025-10-15,15:16:29,-07:00,2025-10-15T15:16:29-07:00,1,17
style.css,148,css,8a115f13,hasaam303,2025-10-15,15:16:29,-07:00,2025-10-15T15:16:29-07:00,1,8
style.css,149,css,8a115f13,hasaam303,2025-10-15,15:16:29,-07:00,2025-10-15T15:16:29-07:00,1,10
style.css,150,css,8a115f13,hasaam303,2025-10-15,15:16:29,-07:00,2025-10-15T15:16:29-07:00,1,64
style.css,151,css,8a115f13,hasaam303,2025-10-15,15:16:29,-07:00,2025-10-15T15:16:29-07:00,1,58
style.css,152,css,8a115f13,hasaam303,2025-10-15,15:16:29,-07:00,2025-10-15T15:16:29-07:00,0,0
style.css,153,css,8a115f13,hasaam303,2025-10-15,15:16:29,-07:00,2025-10-15T15:16:29-07:00,0,0
style.css,154,css,8a115f13,hasaam303,2025-10-15,15:16:29,-07:00,2025-10-15T15:16:29-07:00,0,20
style.css,155,css,8a115f13,hasaam303,2025-10-15,15:16:29,-07:00,2025-10-15T15:16:29-07:00,1,12
style.css,156,css,8a115f13,hasaam303,2025-10-15,15:16:29,-07:00,2025-10-15T15:16:29-07:00,1,17
style.css,157,css,8a115f13,hasaam303,2025-10-15,15:16:29,-07:00,2025-10-15T15:16:29-07:00,1,19
style.css,158,css,b107a7a4,hasaam303,2025-10-27,15:51:50,-07:00,2025-10-27T15:51:50-07:00,0,0
style.css,159,css,b107a7a4,hasaam303,2025-10-27,15:51:50,-07:00,2025-10-27T15:51:50-07:00,0,0
style.css,160,css,b107a7a4,hasaam303,2025-10-27,15:51:50,-07:00,2025-10-27T15:51:50-07:00,0,13
style.css,161,css,b107a7a4,hasaam303,2025-10-27,15:51:50,-07:00,2025-10-27T15:51:50-07:00,1,30
style.css,162,css,b107a7a4,hasaam303,2025-10-27,15:51:50,-07:00,2025-10-27T15:51:50-07:00,1,17
style.css,163,css,b107a7a4,hasaam303,2025-10-27,15:51:50,-07:00,2025-10-27T15:51:50-07:00,1,34
style.css,164,css,b107a7a4,hasaam303,2025-10-27,15:51:50,-07:00,2025-10-27T15:51:50-07:00,1,29
style.css,165,css,b107a7a4,hasaam303,2025-10-27,15:51:50,-07:00,2025-10-27T15:51:50-07:00,1,17
style.css,166,css,b107a7a4,hasaam303,2025-10-27,15:51:50,-07:00,2025-10-27T15:51:50-07:00,0,0
style.css,167,css,b107a7a4,hasaam303,2025-10-27,15:51:50,-07:00,2025-10-27T15:51:50-07:00,0,0
style.css,168,css,b107a7a4,hasaam303,2025-10-27,15:51:50,-07:00,2025-10-27T15:51:50-07:00,0,20
style.css,169,css,b107a7a4,hasaam303,2025-10-27,15:51:50,-07:00,2025-10-27T15:51:50-07:00,0,9
style.css,170,css,b107a7a4,hasaam303,2025-10-27,15:51:50,-07:00,2025-10-27T15:51:50-07:00,1,12
style.css,171,css,b107a7a4,hasaam303,2025-10-27,15:51:50,-07:00,2025-10-27T15:51:50-07:00,1,57
style.css,172,css,b107a7a4,hasaam303,2025-10-27,15:51:50,-07:00,2025-10-27T15:51:50-07:00,1,16
style.css,173,css,b107a7a4,hasaam303,2025-10-27,15:51:50,-07:00,2025-10-27T15:51:50-07:00,1,15
style.css,174,css,b107a7a4,hasaam303,2025-10-27,15:51:50,-07:00,2025-10-27T15:51:50-07:00,1,22
style.css,175,css,b107a7a4,hasaam303,2025-10-27,15:51:50,-07:00,2025-10-27T15:51:50-07:00,1,67
style.css,176,css,b107a7a4,hasaam303,2025-10-27,15:51:50,-07:00,2025-10-27T15:51:50-07:00,1,20
style.css,177,css,b107a7a4,hasaam303,2025-10-27,15:51:50,-07:00,2025-10-27T15:51:50-07:00,1,15
style.css,178,css,b107a7a4,hasaam303,2025-10-27,15:51:50,-07:00,2025-10-27T15:51:50-07:00,1,53
style.css,179,css,b107a7a4,hasaam303,2025-10-27,15:51:50,-07:00,2025-10-27T15:51:50-07:00,0,0
style.css,180,css,b107a7a4,hasaam303,2025-10-27,15:51:50,-07:00,2025-10-27T15:51:50-07:00,0,0
style.css,181,css,b107a7a4,hasaam303,2025-10-27,15:51:50,-07:00,2025-10-27T15:51:50-07:00,0,19
style.css,182,css,b107a7a4,hasaam303,2025-10-27,15:51:50,-07:00,2025-10-27T15:51:50-07:00,0,12
style.css,183,css,b107a7a4,hasaam303,2025-10-27,15:51:50,-07:00,2025-10-27T15:51:50-07:00,1,12
style.css,184,css,b107a7a4,hasaam303,2025-10-27,15:51:50,-07:00,2025-10-27T15:51:50-07:00,1,18
style.css,185,css,b107a7a4,hasaam303,2025-10-27,15:51:50,-07:00,2025-10-27T15:51:50-07:00,1,63
style.css,186,css,b107a7a4,hasaam303,2025-10-27,15:51:50,-07:00,2025-10-27T15:51:50-07:00,1,13
style.css,187,css,b107a7a4,hasaam303,2025-10-27,15:51:50,-07:00,2025-10-27T15:51:50-07:00,0,0
style.css,188,css,b107a7a4,hasaam303,2025-10-27,15:51:50,-07:00,2025-10-27T15:51:50-07:00,0,0
style.css,189,css,b107a7a4,hasaam303,2025-10-27,15:51:50,-07:00,2025-10-27T15:51:50-07:00,0,18
style.css,190,css,b107a7a4,hasaam303,2025-10-27,15:51:50,-07:00,2025-10-27T15:51:50-07:00,0,15
style.css,191,css,b107a7a4,hasaam303,2025-10-27,15:51:50,-07:00,2025-10-27T15:51:50-07:00,1,20
style.css,192,css,b107a7a4,hasaam303,2025-10-27,15:51:50,-07:00,2025-10-27T15:51:50-07:00,1,9
style.css,193,css,b107a7a4,hasaam303,2025-10-27,15:51:50,-07:00,2025-10-27T15:51:50-07:00,1,10
style.css,194,css,b107a7a4,hasaam303,2025-10-27,15:51:50,-07:00,2025-10-27T15:51:50-07:00,1,23
style.css,195,css,b107a7a4,hasaam303,2025-10-27,15:51:50,-07:00,2025-10-27T15:51:50-07:00,1,46
style.css,196,css,b107a7a4,hasaam303,2025-10-27,15:51:50,-07:00,2025-10-27T15:51:50-07:00,1,13
style.css,197,css,5abf2066,hasaam303,2025-10-27,16:00:51,-07:00,2025-10-27T16:00:51-07:00,0,0
style.css,198,css,5abf2066,hasaam303,2025-10-27,16:00:51,-07:00,2025-10-27T16:00:51-07:00,0,0
style.css,199,css,5abf2066,hasaam303,2025-10-27,16:00:51,-07:00,2025-10-27T16:00:51-07:00,0,37
style.css,200,css,5abf2066,hasaam303,2025-10-27,16:00:51,-07:00,2025-10-27T16:00:51-07:00,0,10
style.css,201,css,5abf2066,hasaam303,2025-10-27,16:00:51,-07:00,2025-10-27T16:00:51-07:00,1,12
style.css,202,css,5abf2066,hasaam303,2025-10-27,16:00:51,-07:00,2025-10-27T16:00:51-07:00,1,40
style.css,203,css,5abf2066,hasaam303,2025-10-27,16:00:51,-07:00,2025-10-27T16:00:51-07:00,1,59
style.css,204,css,5abf2066,hasaam303,2025-10-27,16:00:51,-07:00,2025-10-27T16:00:51-07:00,1,22
style.css,205,css,5abf2066,hasaam303,2025-10-27,16:00:51,-07:00,2025-10-27T16:00:51-07:00,0,0
style.css,206,css,5abf2066,hasaam303,2025-10-27,16:00:51,-07:00,2025-10-27T16:00:51-07:00,0,0
style.css,207,css,5abf2066,hasaam303,2025-10-27,16:00:51,-07:00,2025-10-27T16:00:51-07:00,0,51
style.css,208,css,5abf2066,hasaam303,2025-10-27,16:00:51,-07:00,2025-10-27T16:00:51-07:00,0,14
style.css,209,css,5abf2066,hasaam303,2025-10-27,16:00:51,-07:00,2025-10-27T16:00:51-07:00,1,62
style.css,210,css,5abf2066,hasaam303,2025-10-27,16:00:51,-07:00,2025-10-27T16:00:51-07:00,1,15
style.css,211,css,5abf2066,hasaam303,2025-10-27,16:00:51,-07:00,2025-10-27T16:00:51-07:00,1,11
style.css,212,css,5abf2066,hasaam303,2025-10-27,16:00:51,-07:00,2025-10-27T16:00:51-07:00,1,16
style.css,213,css,5abf2066,hasaam303,2025-10-27,16:00:51,-07:00,2025-10-27T16:00:51-07:00,0,0
style.css,214,css,5abf2066,hasaam303,2025-10-27,16:00:51,-07:00,2025-10-27T16:00:51-07:00,0,0
style.css,215,css,5abf2066,hasaam303,2025-10-27,16:00:51,-07:00,2025-10-27T16:00:51-07:00,0,39
style.css,216,css,5abf2066,hasaam303,2025-10-27,16:00:51,-07:00,2025-10-27T16:00:51-07:00,0,9
style.css,217,css,5abf2066,hasaam303,2025-10-27,16:00:51,-07:00,2025-10-27T16:00:51-07:00,1,73
style.css,218,css,5abf2066,hasaam303,2025-10-27,16:00:51,-07:00,2025-10-27T16:00:51-07:00,1,57
style.css,219,css,5abf2066,hasaam303,2025-10-27,16:00:51,-07:00,2025-10-27T16:00:51-07:00,0,0
style.css,220,css,5abf2066,hasaam303,2025-10-27,16:00:51,-07:00,2025-10-27T16:00:51-07:00,0,0
style.css,221,css,5abf2066,hasaam303,2025-10-27,16:00:51,-07:00,2025-10-27T16:00:51-07:00,0,37
style.css,222,css,5abf2066,hasaam303,2025-10-27,16:00:51,-07:00,2025-10-27T16:00:51-07:00,0,25
style.css,223,css,5abf2066,hasaam303,2025-10-27,16:00:51,-07:00,2025-10-27T16:00:51-07:00,1,36
style.css,224,css,5abf2066,hasaam303,2025-10-27,16:00:51,-07:00,2025-10-27T16:00:51-07:00,1,45
style.css,225,css,440902c6,hasaam303,2025-10-31,17:35:31,-07:00,2025-10-31T17:35:31-07:00,0,0
style.css,226,css,440902c6,hasaam303,2025-10-31,17:35:31,-07:00,2025-10-31T17:35:31-07:00,0,19
style.css,227,css,440902c6,hasaam303,2025-10-31,17:35:31,-07:00,2025-10-31T17:35:31-07:00,1,53
style.css,228,css,440902c6,hasaam303,2025-10-31,17:35:31,-07:00,2025-10-31T17:35:31-07:00,1,53
style.css,229,css,440902c6,hasaam303,2025-10-31,17:35:31,-07:00,2025-10-31T17:35:31-07:00,0,0
style.css,230,css,440902c6,hasaam303,2025-10-31,17:35:31,-07:00,2025-10-31T17:35:31-07:00,0,0
style.css,231,css,440902c6,hasaam303,2025-10-31,17:35:31,-07:00,2025-10-31T17:35:31-07:00,0,40
style.css,232,css,440902c6,hasaam303,2025-10-31,17:35:31,-07:00,2025-10-31T17:35:31-07:00,0,47
style.css,233,css,440902c6,hasaam303,2025-10-31,17:35:31,-07:00,2025-10-31T17:35:31-07:00,1,11
style.css,234,css,440902c6,hasaam303,2025-10-31,17:35:31,-07:00,2025-10-31T17:35:31-07:00,0,0
style.css,235,css,440902c6,hasaam303,2025-10-31,17:35:31,-07:00,2025-10-31T17:35:31-07:00,0,0
style.css,236,css,440902c6,hasaam303,2025-10-31,17:35:31,-07:00,2025-10-31T17:35:31-07:00,0,44
style.css,237,css,440902c6,hasaam303,2025-10-31,17:35:31,-07:00,2025-10-31T17:35:31-07:00,0,9
style.css,238,css,440902c6,hasaam303,2025-10-31,17:35:31,-07:00,2025-10-31T17:35:31-07:00,1,66
style.css,239,css,440902c6,hasaam303,2025-10-31,17:35:31,-07:00,2025-10-31T17:35:31-07:00,0,0
style.css,240,css,440902c6,hasaam303,2025-10-31,17:35:31,-07:00,2025-10-31T17:35:31-07:00,0,0
style.css,241,css,440902c6,hasaam303,2025-10-31,17:35:31,-07:00,2025-10-31T17:35:31-07:00,0,62
style.css,242,css,440902c6,hasaam303,2025-10-31,17:35:31,-07:00,2025-10-31T17:35:31-07:00,0,18
style.css,243,css,440902c6,hasaam303,2025-10-31,17:35:31,-07:00,2025-10-31T17:35:31-07:00,1,17
style.css,244,css,a39a23a6,hasaam303,2025-10-10,21:11:45,-07:00,2025-10-10T21:11:45-07:00,0,0
index.js,1,js,43f02fd3,hasaam303,2025-10-25,17:12:52,-07:00,2025-10-25T17:12:52-07:00,0,70
index.js,2,js,21f4f6f7,hasaam303,2025-10-25,16:39:25,-07:00,2025-10-25T16:39:25-07:00,0,0
index.js,3,js,21f4f6f7,hasaam303,2025-10-25,16:39:25,-07:00,2025-10-25T16:39:25-07:00,0,40
index.js,4,js,21f4f6f7,hasaam303,2025-10-25,16:39:25,-07:00,2025-10-25T16:39:25-07:00,0,54
index.js,5,js,21f4f6f7,hasaam303,2025-10-25,16:39:25,-07:00,2025-10-25T16:39:25-07:00,0,42
index.js,6,js,21f4f6f7,hasaam303,2025-10-25,16:39:25,-07:00,2025-10-25T16:39:25-07:00,0,0
index.js,7,js,21f4f6f7,hasaam303,2025-10-25,16:39:25,-07:00,2025-10-25T16:39:25-07:00,0,41
index.js,8,js,21f4f6f7,hasaam303,2025-10-25,16:39:25,-07:00,2025-10-25T16:39:25-07:00,0,60
index.js,9,js,21f4f6f7,hasaam303,2025-10-25,16:39:25,-07:00,2025-10-25T16:39:25-07:00,0,0
index.js,10,js,21f4f6f7,hasaam303,2025-10-25,16:39:25,-07:00,2025-10-25T16:39:25-07:00,0,30
index.js,11,js,43f02fd3,hasaam303,2025-10-25,17:12:52,-07:00,2025-10-25T17:12:52-07:00,0,54
index.js,12,js,43f02fd3,hasaam303,2025-10-25,17:12:52,-07:00,2025-10-25T17:12:52-07:00,0,0
index.js,13,js,43f02fd3,hasaam303,2025-10-25,17:12:52,-07:00,2025-10-25T17:12:52-07:00,0,52
index.js,14,js,88b834aa,hasaam303,2025-10-25,17:22:05,-07:00,2025-10-25T17:22:05-07:00,0,22
index.js,15,js,88b834aa,hasaam303,2025-10-25,17:22:05,-07:00,2025-10-25T17:22:05-07:00,0,60
index.js,16,js,88b834aa,hasaam303,2025-10-25,17:22:05,-07:00,2025-10-25T17:22:05-07:00,0,0
index.js,17,js,88b834aa,hasaam303,2025-10-25,17:22:05,-07:00,2025-10-25T17:22:05-07:00,0,64
index.js,18,js,88b834aa,hasaam303,2025-10-25,17:22:05,-07:00,2025-10-25T17:22:05-07:00,0,31
index.js,19,js,88b834aa,hasaam303,2025-10-25,17:22:05,-07:00,2025-10-25T17:22:05-07:00,1,24
index.js,20,js,88b834aa,hasaam303,2025-10-25,17:22:05,-07:00,2025-10-25T17:22:05-07:00,2,19
index.js,21,js,88b834aa,hasaam303,2025-10-25,17:22:05,-07:00,2025-10-25T17:22:05-07:00,3,55
index.js,22,js,88b834aa,hasaam303,2025-10-25,17:22:05,-07:00,2025-10-25T17:22:05-07:00,3,55
index.js,23,js,88b834aa,hasaam303,2025-10-25,17:22:05,-07:00,2025-10-25T17:22:05-07:00,3,49
index.js,24,js,88b834aa,hasaam303,2025-10-25,17:22:05,-07:00,2025-10-25T17:22:05-07:00,3,49
index.js,25,js,88b834aa,hasaam303,2025-10-25,17:22:05,-07:00,2025-10-25T17:22:05-07:00,2,3
index.js,26,js,88b834aa,hasaam303,2025-10-25,17:22:05,-07:00,2025-10-25T17:22:05-07:00,1,0
index.js,27,js,88b834aa,hasaam303,2025-10-25,17:22:05,-07:00,2025-10-25T17:22:05-07:00,0,0
index.html,1,html,54620209,hasaam303,2025-10-02,13:55:56,-07:00,2025-10-02T13:55:56-07:00,0,13
index.html,2,html,54620209,hasaam303,2025-10-02,13:55:56,-07:00,2025-10-02T13:55:56-07:00,0,14
index.html,3,html,54620209,hasaam303,2025-10-02,13:55:56,-07:00,2025-10-02T13:55:56-07:00,0,4
index.html,4,html,0ddc4e53,hasaam303,2025-10-02,15:10:29,-07:00,2025-10-02T15:10:29-07:00,1,22
index.html,5,html,0ddc4e53,hasaam303,2025-10-02,15:10:29,-07:00,2025-10-02T15:10:29-07:00,1,70
index.html,6,html,0ddc4e53,hasaam303,2025-10-02,15:10:29,-07:00,2025-10-02T15:10:29-07:00,1,49
index.html,7,html,0ddc4e53,hasaam303,2025-10-02,15:10:29,-07:00,2025-10-02T15:10:29-07:00,1,40
index.html,8,html,54620209,hasaam303,2025-10-02,13:55:56,-07:00,2025-10-02T13:55:56-07:00,0,5
index.html,9,html,54620209,hasaam303,2025-10-02,13:55:56,-07:00,2025-10-02T13:55:56-07:00,0,4
index.html,10,html,cdd3b71c,hasaam303,2025-10-25,17:07:47,-07:00,2025-10-25T17:07:47-07:00,1,2
index.html,11,html,234724f5,hasaam303,2025-10-02,20:37:41,-07:00,2025-10-02T20:37:41-07:00,1,3
index.html,12,html,4c0d2127,hasaam303,2025-10-15,14:41:33,-07:00,2025-10-15T14:41:33-07:00,2,19
index.html,13,html,0ddc4e53,hasaam303,2025-10-02,15:10:29,-07:00,2025-10-02T15:10:29-07:00,2,30
index.html,14,html,0ddc4e53,hasaam303,2025-10-02,15:10:29,-07:00,2025-10-02T15:10:29-07:00,2,28
index.html,15,html,ac8e2df8,hasaam303,2025-10-10,13:31:49,-07:00,2025-10-10T13:31:49-07:00,2,26
index.html,16,html,234724f5,hasaam303,2025-10-02,20:37:41,-07:00,2025-10-02T20:37:41-07:00,2,89
index.html,17,html,779c0813,hasaam303,2025-10-10,13:22:55,-07:00,2025-10-10T13:22:55-07:00,1,4
index.html,18,html,cdd3b71c,hasaam303,2025-10-25,17:07:47,-07:00,2025-10-25T17:07:47-07:00,1,1
index.html,19,html,0ddc4e53,hasaam303,2025-10-02,15:10:29,-07:00,2025-10-02T15:10:29-07:00,1,18
index.html,20,html,0ddc4e53,hasaam303,2025-10-02,15:10:29,-07:00,2025-10-02T15:10:29-07:00,1,103
index.html,21,html,06f166cb,hasaam303,2025-10-10,13:11:07,-07:00,2025-10-10T13:11:07-07:00,1,6
index.html,22,html,06f166cb,hasaam303,2025-10-10,13:11:07,-07:00,2025-10-10T13:11:07-07:00,2,69
index.html,23,html,06f166cb,hasaam303,2025-10-10,13:11:07,-07:00,2025-10-10T13:11:07-07:00,2,48
index.html,24,html,6656a8b2,hasaam303,2025-10-25,16:55:19,-07:00,2025-10-25T16:55:19-07:00,1,7
index.html,25,html,21f4f6f7,hasaam303,2025-10-25,16:39:25,-07:00,2025-10-25T16:39:25-07:00,1,22
index.html,26,html,21f4f6f7,hasaam303,2025-10-25,16:39:25,-07:00,2025-10-25T16:39:25-07:00,1,20
index.html,27,html,21f4f6f7,hasaam303,2025-10-25,16:39:25,-07:00,2025-10-25T16:39:25-07:00,2,49
index.html,28,html,21f4f6f7,hasaam303,2025-10-25,16:39:25,-07:00,2025-10-25T16:39:25-07:00,1,4
index.html,29,html,88b834aa,hasaam303,2025-10-25,17:22:05,-07:00,2025-10-25T17:22:05-07:00,1,22
index.html,30,html,88b834aa,hasaam303,2025-10-25,17:22:05,-07:00,2025-10-25T17:22:05-07:00,1,22
index.html,31,html,88b834aa,hasaam303,2025-10-25,17:22:05,-07:00,2025-10-25T17:22:05-07:00,1,40
index.html,32,html,88b834aa,hasaam303,2025-10-25,17:22:05,-07:00,2025-10-25T17:22:05-07:00,1,4
index.html,33,html,5c77f2be,hasaam303,2025-10-25,17:04:00,-07:00,2025-10-25T17:04:00-07:00,1,47
index.html,34,html,21f4f6f7,hasaam303,2025-10-25,16:39:25,-07:00,2025-10-25T16:39:25-07:00,1,50
index.html,35,html,54620209,hasaam303,2025-10-02,13:55:56,-07:00,2025-10-02T13:55:56-07:00,0,5
index.html,36,html,54620209,hasaam303,2025-10-02,13:55:56,-07:00,2025-10-02T13:55:56-07:00,0,5
global.js,1,js,efbb6830,hasaam303,2025-10-15,13:48:55,-07:00,2025-10-15T13:48:55-07:00,0,25
global.js,2,js,4c0d2127,hasaam303,2025-10-15,14:41:33,-07:00,2025-10-15T14:41:33-07:00,0,0
global.js,3,js,efbb6830,hasaam303,2025-10-15,13:48:55,-07:00,2025-10-15T13:48:55-07:00,0,41
global.js,4,js,efbb6830,hasaam303,2025-10-15,13:48:55,-07:00,2025-10-15T13:48:55-07:00,1,52
global.js,5,js,4c0d2127,hasaam303,2025-10-15,14:41:33,-07:00,2025-10-15T14:41:33-07:00,0,0
global.js,6,js,4c0d2127,hasaam303,2025-10-15,14:41:33,-07:00,2025-10-15T14:41:33-07:00,0,25
global.js,7,js,4c0d2127,hasaam303,2025-10-15,14:41:33,-07:00,2025-10-15T14:41:33-07:00,0,0
global.js,8,js,4c0d2127,hasaam303,2025-10-15,14:41:33,-07:00,2025-10-15T14:41:33-07:00,0,33
global.js,9,js,4c0d2127,hasaam303,2025-10-15,14:41:33,-07:00,2025-10-15T14:41:33-07:00,0,27
global.js,10,js,4c0d2127,hasaam303,2025-10-15,14:41:33,-07:00,2025-10-15T14:41:33-07:00,0,0
global.js,11,js,4c0d2127,hasaam303,2025-10-15,14:41:33,-07:00,2025-10-15T14:41:33-07:00,0,20
global.js,12,js,4c0d2127,hasaam303,2025-10-15,14:41:33,-07:00,2025-10-15T14:41:33-07:00,0,0
global.js,13,js,4c0d2127,hasaam303,2025-10-15,14:41:33,-07:00,2025-10-15T14:41:33-07:00,0,16
global.js,14,js,4c0d2127,hasaam303,2025-10-15,14:41:33,-07:00,2025-10-15T14:41:33-07:00,1,35
global.js,15,js,4c0d2127,hasaam303,2025-10-15,14:41:33,-07:00,2025-10-15T14:41:33-07:00,0,0
global.js,16,js,4c0d2127,hasaam303,2025-10-15,14:41:33,-07:00,2025-10-15T14:41:33-07:00,0,0
global.js,17,js,4c0d2127,hasaam303,2025-10-15,14:41:33,-07:00,2025-10-15T14:41:33-07:00,0,36
global.js,18,js,4c0d2127,hasaam303,2025-10-15,14:41:33,-07:00,2025-10-15T14:41:33-07:00,0,0
global.js,19,js,4c0d2127,hasaam303,2025-10-15,14:41:33,-07:00,2025-10-15T14:41:33-07:00,0,0
global.js,20,js,4c0d2127,hasaam303,2025-10-15,14:41:33,-07:00,2025-10-15T14:41:33-07:00,0,37
global.js,21,js,8a115f13,hasaam303,2025-10-15,15:16:29,-07:00,2025-10-15T15:16:29-07:00,0,31
global.js,22,js,8a115f13,hasaam303,2025-10-15,15:16:29,-07:00,2025-10-15T15:16:29-07:00,1,11
global.js,23,js,8a115f13,hasaam303,2025-10-15,15:16:29,-07:00,2025-10-15T15:16:29-07:00,1,0
global.js,24,js,8a115f13,hasaam303,2025-10-15,15:16:29,-07:00,2025-10-15T15:16:29-07:00,1,26
global.js,25,js,8a115f13,hasaam303,2025-10-15,15:16:29,-07:00,2025-10-15T15:16:29-07:00,2,4
global.js,26,js,8a115f13,hasaam303,2025-10-15,15:16:29,-07:00,2025-10-15T15:16:29-07:00,2,24
global.js,27,js,8a115f13,hasaam303,2025-10-15,15:16:29,-07:00,2025-10-15T15:16:29-07:00,3,43
global.js,28,js,8a115f13,hasaam303,2025-10-15,15:16:29,-07:00,2025-10-15T15:16:29-07:00,3,34
global.js,29,js,8a115f13,hasaam303,2025-10-15,15:16:29,-07:00,2025-10-15T15:16:29-07:00,3,32
global.js,30,js,8a115f13,hasaam303,2025-10-15,15:16:29,-07:00,2025-10-15T15:16:29-07:00,2,7
global.js,31,js,8a115f13,hasaam303,2025-10-15,15:16:29,-07:00,2025-10-15T15:16:29-07:00,1,6
global.js,32,js,8a115f13,hasaam303,2025-10-15,15:16:29,-07:00,2025-10-15T15:16:29-07:00,1,0
global.js,33,js,8a115f13,hasaam303,2025-10-15,15:16:29,-07:00,2025-10-15T15:16:29-07:00,0,0
global.js,34,js,8a115f13,hasaam303,2025-10-15,15:16:29,-07:00,2025-10-15T15:16:29-07:00,0,0
global.js,35,js,4c0d2127,hasaam303,2025-10-15,14:41:33,-07:00,2025-10-15T14:41:33-07:00,0,11
global.js,36,js,4c0d2127,hasaam303,2025-10-15,14:41:33,-07:00,2025-10-15T14:41:33-07:00,1,25
global.js,37,js,4c0d2127,hasaam303,2025-10-15,14:41:33,-07:00,2025-10-15T14:41:33-07:00,1,38
global.js,38,js,4c0d2127,hasaam303,2025-10-15,14:41:33,-07:00,2025-10-15T14:41:33-07:00,1,36
global.js,39,js,4c0d2127,hasaam303,2025-10-15,14:41:33,-07:00,2025-10-15T14:41:33-07:00,1,34
global.js,40,js,4c0d2127,hasaam303,2025-10-15,14:41:33,-07:00,2025-10-15T14:41:33-07:00,1,54
global.js,41,js,4c0d2127,hasaam303,2025-10-15,14:41:33,-07:00,2025-10-15T14:41:33-07:00,0,0
global.js,42,js,4c0d2127,hasaam303,2025-10-15,14:41:33,-07:00,2025-10-15T14:41:33-07:00,0,0
global.js,43,js,4c0d2127,hasaam303,2025-10-15,14:41:33,-07:00,2025-10-15T14:41:33-07:00,0,45
global.js,44,js,4c0d2127,hasaam303,2025-10-15,14:41:33,-07:00,2025-10-15T14:41:33-07:00,0,15
global.js,45,js,4c0d2127,hasaam303,2025-10-15,14:41:33,-07:00,2025-10-15T14:41:33-07:00,1,68
global.js,46,js,4c0d2127,hasaam303,2025-10-15,14:41:33,-07:00,2025-10-15T14:41:33-07:00,2,20
global.js,47,js,4c0d2127,hasaam303,2025-10-15,14:41:33,-07:00,2025-10-15T14:41:33-07:00,2,39
global.js,48,js,4c0d2127,hasaam303,2025-10-15,14:41:33,-07:00,2025-10-15T14:41:33-07:00,0,0
global.js,49,js,4c0d2127,hasaam303,2025-10-15,14:41:33,-07:00,2025-10-15T14:41:33-07:00,0,58
global.js,50,js,4c0d2127,hasaam303,2025-10-15,14:41:33,-07:00,2025-10-15T14:41:33-07:00,0,38
global.js,51,js,4c0d2127,hasaam303,2025-10-15,14:41:33,-07:00,2025-10-15T14:41:33-07:00,0,25
global.js,52,js,4c0d2127,hasaam303,2025-10-15,14:41:33,-07:00,2025-10-15T14:41:33-07:00,0,0
global.js,53,js,4c0d2127,hasaam303,2025-10-15,14:41:33,-07:00,2025-10-15T14:41:33-07:00,0,22
global.js,54,js,4c0d2127,hasaam303,2025-10-15,14:41:33,-07:00,2025-10-15T14:41:33-07:00,0,20
global.js,55,js,4c0d2127,hasaam303,2025-10-15,14:41:33,-07:00,2025-10-15T14:41:33-07:00,1,14
global.js,56,js,4c0d2127,hasaam303,2025-10-15,14:41:33,-07:00,2025-10-15T14:41:33-07:00,1,18
global.js,57,js,4c0d2127,hasaam303,2025-10-15,14:41:33,-07:00,2025-10-15T14:41:33-07:00,0,0
global.js,58,js,4c0d2127,hasaam303,2025-10-15,14:41:33,-07:00,2025-10-15T14:41:33-07:00,1,53
global.js,59,js,4c0d2127,hasaam303,2025-10-15,14:41:33,-07:00,2025-10-15T14:41:33-07:00,1,28
global.js,60,js,4c0d2127,hasaam303,2025-10-15,14:41:33,-07:00,2025-10-15T14:41:33-07:00,2,20
global.js,61,js,4c0d2127,hasaam303,2025-10-15,14:41:33,-07:00,2025-10-15T14:41:33-07:00,1,0
global.js,62,js,4c0d2127,hasaam303,2025-10-15,14:41:33,-07:00,2025-10-15T14:41:33-07:00,0,0
global.js,63,js,4c0d2127,hasaam303,2025-10-15,14:41:33,-07:00,2025-10-15T14:41:33-07:00,1,24
global.js,64,js,b706693f,hasaam303,2025-10-15,14:53:04,-07:00,2025-10-15T14:53:04-07:00,1,70
global.js,65,js,b706693f,hasaam303,2025-10-15,14:53:04,-07:00,2025-10-15T14:53:04-07:00,1,36
global.js,66,js,b706693f,hasaam303,2025-10-15,14:53:04,-07:00,2025-10-15T14:53:04-07:00,1,11
global.js,67,js,b706693f,hasaam303,2025-10-15,14:53:04,-07:00,2025-10-15T14:53:04-07:00,1,20
global.js,68,js,b706693f,hasaam303,2025-10-15,14:53:04,-07:00,2025-10-15T14:53:04-07:00,0,0
global.js,69,js,b706693f,hasaam303,2025-10-15,14:53:04,-07:00,2025-10-15T14:53:04-07:00,1,32
global.js,70,js,b706693f,hasaam303,2025-10-15,14:53:04,-07:00,2025-10-15T14:53:04-07:00,1,29
global.js,71,js,b706693f,hasaam303,2025-10-15,14:53:04,-07:00,2025-10-15T14:53:04-07:00,0,0
global.js,72,js,b706693f,hasaam303,2025-10-15,14:53:04,-07:00,2025-10-15T14:53:04-07:00,1,33
global.js,73,js,b706693f,hasaam303,2025-10-15,14:53:04,-07:00,2025-10-15T14:53:04-07:00,1,29
global.js,74,js,b706693f,hasaam303,2025-10-15,14:53:04,-07:00,2025-10-15T14:53:04-07:00,2,18
global.js,75,js,b706693f,hasaam303,2025-10-15,14:53:04,-07:00,2025-10-15T14:53:04-07:00,2,28
global.js,76,js,b706693f,hasaam303,2025-10-15,14:53:04,-07:00,2025-10-15T14:53:04-07:00,2,84
global.js,77,js,b706693f,hasaam303,2025-10-15,14:53:04,-07:00,2025-10-15T14:53:04-07:00,1,0
global.js,78,js,b706693f,hasaam303,2025-10-15,14:53:04,-07:00,2025-10-15T14:53:04-07:00,0,0
global.js,79,js,b706693f,hasaam303,2025-10-15,14:53:04,-07:00,2025-10-15T14:53:04-07:00,1,15
global.js,80,js,b706693f,hasaam303,2025-10-15,14:53:04,-07:00,2025-10-15T14:53:04-07:00,1,12
global.js,81,js,b706693f,hasaam303,2025-10-15,14:53:04,-07:00,2025-10-15T14:53:04-07:00,0,0
global.js,82,js,4c0d2127,hasaam303,2025-10-15,14:41:33,-07:00,2025-10-15T14:41:33-07:00,0,0
global.js,83,js,4c0d2127,hasaam303,2025-10-15,14:41:33,-07:00,2025-10-15T14:41:33-07:00,0,0
global.js,84,js,4c0d2127,hasaam303,2025-10-15,14:41:33,-07:00,2025-10-15T14:41:33-07:00,0,46
global.js,85,js,4c0d2127,hasaam303,2025-10-15,14:41:33,-07:00,2025-10-15T14:41:33-07:00,0,62
global.js,86,js,4c0d2127,hasaam303,2025-10-15,14:41:33,-07:00,2025-10-15T14:41:33-07:00,0,30
global.js,87,js,4c0d2127,hasaam303,2025-10-15,14:41:33,-07:00,2025-10-15T14:41:33-07:00,1,65
global.js,88,js,4c0d2127,hasaam303,2025-10-15,14:41:33,-07:00,2025-10-15T14:41:33-07:00,0,0
global.js,89,js,d9cbb04f,hasaam303,2025-10-15,15:23:32,-07:00,2025-10-15T15:23:32-07:00,0,36
global.js,90,js,d9cbb04f,hasaam303,2025-10-15,15:23:32,-07:00,2025-10-15T15:23:32-07:00,0,0
global.js,91,js,d9cbb04f,hasaam303,2025-10-15,15:23:32,-07:00,2025-10-15T15:23:32-07:00,0,58
global.js,92,js,d9cbb04f,hasaam303,2025-10-15,15:23:32,-07:00,2025-10-15T15:23:32-07:00,0,0
global.js,93,js,d9cbb04f,hasaam303,2025-10-15,15:23:32,-07:00,2025-10-15T15:23:32-07:00,0,49
global.js,94,js,d9cbb04f,hasaam303,2025-10-15,15:23:32,-07:00,2025-10-15T15:23:32-07:00,0,31
global.js,95,js,d9cbb04f,hasaam303,2025-10-15,15:23:32,-07:00,2025-10-15T15:23:32-07:00,1,71
global.js,96,js,d9cbb04f,hasaam303,2025-10-15,15:23:32,-07:00,2025-10-15T15:23:32-07:00,1,56
global.js,97,js,d9cbb04f,hasaam303,2025-10-15,15:23:32,-07:00,2025-10-15T15:23:32-07:00,1,45
global.js,98,js,d9cbb04f,hasaam303,2025-10-15,15:23:32,-07:00,2025-10-15T15:23:32-07:00,0,0
global.js,99,js,d9cbb04f,hasaam303,2025-10-15,15:23:32,-07:00,2025-10-15T15:23:32-07:00,0,0
global.js,100,js,d9cbb04f,hasaam303,2025-10-15,15:23:32,-07:00,2025-10-15T15:23:32-07:00,0,35
global.js,101,js,d9cbb04f,hasaam303,2025-10-15,15:23:32,-07:00,2025-10-15T15:23:32-07:00,0,46
global.js,102,js,d9cbb04f,hasaam303,2025-10-15,15:23:32,-07:00,2025-10-15T15:23:32-07:00,1,29
global.js,103,js,d9cbb04f,hasaam303,2025-10-15,15:23:32,-07:00,2025-10-15T15:23:32-07:00,0,1
global.js,104,js,d9cbb04f,hasaam303,2025-10-15,15:23:32,-07:00,2025-10-15T15:23:32-07:00,0,0
global.js,105,js,d9cbb04f,hasaam303,2025-10-15,15:23:32,-07:00,2025-10-15T15:23:32-07:00,0,56
global.js,106,js,d9cbb04f,hasaam303,2025-10-15,15:23:32,-07:00,2025-10-15T15:23:32-07:00,0,34
global.js,107,js,d9cbb04f,hasaam303,2025-10-15,15:23:32,-07:00,2025-10-15T15:23:32-07:00,1,39
global.js,108,js,d9cbb04f,hasaam303,2025-10-15,15:23:32,-07:00,2025-10-15T15:23:32-07:00,0,6
global.js,109,js,d9cbb04f,hasaam303,2025-10-15,15:23:32,-07:00,2025-10-15T15:23:32-07:00,1,50
global.js,110,js,21f4f6f7,hasaam303,2025-10-25,16:39:25,-07:00,2025-10-25T16:39:25-07:00,0,0
global.js,111,js,21f4f6f7,hasaam303,2025-10-25,16:39:25,-07:00,2025-10-25T16:39:25-07:00,0,0
global.js,112,js,21f4f6f7,hasaam303,2025-10-25,16:39:25,-07:00,2025-10-25T16:39:25-07:00,0,36
global.js,113,js,21f4f6f7,hasaam303,2025-10-25,16:39:25,-07:00,2025-10-25T16:39:25-07:00,1,3
global.js,114,js,21f4f6f7,hasaam303,2025-10-25,16:39:25,-07:00,2025-10-25T16:39:25-07:00,2,55
global.js,115,js,21f4f6f7,hasaam303,2025-10-25,16:39:25,-07:00,2025-10-25T16:39:25-07:00,2,17
global.js,116,js,21f4f6f7,hasaam303,2025-10-25,16:39:25,-07:00,2025-10-25T16:39:25-07:00,3,83
global.js,117,js,21f4f6f7,hasaam303,2025-10-25,16:39:25,-07:00,2025-10-25T16:39:25-07:00,2,0
global.js,118,js,21f4f6f7,hasaam303,2025-10-25,16:39:25,-07:00,2025-10-25T16:39:25-07:00,2,33
global.js,119,js,21f4f6f7,hasaam303,2025-10-25,16:39:25,-07:00,2025-10-25T16:39:25-07:00,2,10
global.js,120,js,21f4f6f7,hasaam303,2025-10-25,16:39:25,-07:00,2025-10-25T16:39:25-07:00,1,15
global.js,121,js,21f4f6f7,hasaam303,2025-10-25,16:39:25,-07:00,2025-10-25T16:39:25-07:00,2,59
global.js,122,js,21f4f6f7,hasaam303,2025-10-25,16:39:25,-07:00,2025-10-25T16:39:25-07:00,2,62
global.js,123,js,21f4f6f7,hasaam303,2025-10-25,16:39:25,-07:00,2025-10-25T16:39:25-07:00,1,0
global.js,124,js,21f4f6f7,hasaam303,2025-10-25,16:39:25,-07:00,2025-10-25T16:39:25-07:00,0,0
global.js,125,js,21f4f6f7,hasaam303,2025-10-25,16:39:25,-07:00,2025-10-25T16:39:25-07:00,0,0
global.js,126,js,5c77f2be,hasaam303,2025-10-25,17:04:00,-07:00,2025-10-25T17:04:00-07:00,0,32
global.js,127,js,5c77f2be,hasaam303,2025-10-25,17:04:00,-07:00,2025-10-25T17:04:00-07:00,0,22
global.js,128,js,5c77f2be,hasaam303,2025-10-25,17:04:00,-07:00,2025-10-25T17:04:00-07:00,0,21
global.js,129,js,5c77f2be,hasaam303,2025-10-25,17:04:00,-07:00,2025-10-25T17:04:00-07:00,0,21
global.js,130,js,5c77f2be,hasaam303,2025-10-25,17:04:00,-07:00,2025-10-25T17:04:00-07:00,0,23
global.js,131,js,5c77f2be,hasaam303,2025-10-25,17:04:00,-07:00,2025-10-25T17:04:00-07:00,0,23
global.js,132,js,5c77f2be,hasaam303,2025-10-25,17:04:00,-07:00,2025-10-25T17:04:00-07:00,0,0
global.js,133,js,21f4f6f7,hasaam303,2025-10-25,16:39:25,-07:00,2025-10-25T16:39:25-07:00,0,79
global.js,134,js,21f4f6f7,hasaam303,2025-10-25,16:39:25,-07:00,2025-10-25T16:39:25-07:00,1,7
global.js,135,js,21f4f6f7,hasaam303,2025-10-25,16:39:25,-07:00,2025-10-25T16:39:25-07:00,1,43
global.js,136,js,21f4f6f7,hasaam303,2025-10-25,16:39:25,-07:00,2025-10-25T16:39:25-07:00,2,56
global.js,137,js,21f4f6f7,hasaam303,2025-10-25,16:39:25,-07:00,2025-10-25T16:39:25-07:00,2,5
global.js,138,js,21f4f6f7,hasaam303,2025-10-25,16:39:25,-07:00,2025-10-25T16:39:25-07:00,1,0
global.js,139,js,21f4f6f7,hasaam303,2025-10-25,16:39:25,-07:00,2025-10-25T16:39:25-07:00,1,42
global.js,140,js,21f4f6f7,hasaam303,2025-10-25,16:39:25,-07:00,2025-10-25T16:39:25-07:00,0,0
global.js,141,js,21f4f6f7,hasaam303,2025-10-25,16:39:25,-07:00,2025-10-25T16:39:25-07:00,1,61
global.js,142,js,21f4f6f7,hasaam303,2025-10-25,16:39:25,-07:00,2025-10-25T16:39:25-07:00,1,56
global.js,143,js,21f4f6f7,hasaam303,2025-10-25,16:39:25,-07:00,2025-10-25T16:39:25-07:00,0,0
global.js,144,js,21f4f6f7,hasaam303,2025-10-25,16:39:25,-07:00,2025-10-25T16:39:25-07:00,1,46
global.js,145,js,21f4f6f7,hasaam303,2025-10-25,16:39:25,-07:00,2025-10-25T16:39:25-07:00,1,30
global.js,146,js,21f4f6f7,hasaam303,2025-10-25,16:39:25,-07:00,2025-10-25T16:39:25-07:00,0,0
global.js,147,js,21f4f6f7,hasaam303,2025-10-25,16:39:25,-07:00,2025-10-25T16:39:25-07:00,1,12
global.js,148,js,21f4f6f7,hasaam303,2025-10-25,16:39:25,-07:00,2025-10-25T16:39:25-07:00,1,26
global.js,149,js,21f4f6f7,hasaam303,2025-10-25,16:39:25,-07:00,2025-10-25T16:39:25-07:00,2,87
global.js,150,js,21f4f6f7,hasaam303,2025-10-25,16:39:25,-07:00,2025-10-25T16:39:25-07:00,2,5
global.js,151,js,21f4f6f7,hasaam303,2025-10-25,16:39:25,-07:00,2025-10-25T16:39:25-07:00,1,0
global.js,152,js,21f4f6f7,hasaam303,2025-10-25,16:39:25,-07:00,2025-10-25T16:39:25-07:00,1,48
global.js,153,js,21f4f6f7,hasaam303,2025-10-25,16:39:25,-07:00,2025-10-25T16:39:25-07:00,1,25
global.js,154,js,21f4f6f7,hasaam303,2025-10-25,16:39:25,-07:00,2025-10-25T16:39:25-07:00,2,48
global.js,155,js,21f4f6f7,hasaam303,2025-10-25,16:39:25,-07:00,2025-10-25T16:39:25-07:00,2,48
global.js,156,js,21f4f6f7,hasaam303,2025-10-25,16:39:25,-07:00,2025-10-25T16:39:25-07:00,2,27
global.js,157,js,21f4f6f7,hasaam303,2025-10-25,16:39:25,-07:00,2025-10-25T16:39:25-07:00,2,38
global.js,158,js,21f4f6f7,hasaam303,2025-10-25,16:39:25,-07:00,2025-10-25T16:39:25-07:00,0,0
global.js,159,js,b107a7a4,hasaam303,2025-10-27,15:51:50,-07:00,2025-10-27T15:51:50-07:00,1,19
global.js,160,js,b107a7a4,hasaam303,2025-10-27,15:51:50,-07:00,2025-10-27T15:51:50-07:00,2,41
global.js,161,js,b107a7a4,hasaam303,2025-10-27,15:51:50,-07:00,2025-10-27T15:51:50-07:00,2,47
global.js,162,js,b107a7a4,hasaam303,2025-10-27,15:51:50,-07:00,2025-10-27T15:51:50-07:00,2,3
global.js,163,js,21f4f6f7,hasaam303,2025-10-25,16:39:25,-07:00,2025-10-25T16:39:25-07:00,3,29
global.js,164,js,b107a7a4,hasaam303,2025-10-27,15:51:50,-07:00,2025-10-27T15:51:50-07:00,3,57
global.js,165,js,b107a7a4,hasaam303,2025-10-27,15:51:50,-07:00,2025-10-27T15:51:50-07:00,2,4
global.js,166,js,b107a7a4,hasaam303,2025-10-27,15:51:50,-07:00,2025-10-27T15:51:50-07:00,1,0
global.js,167,js,21f4f6f7,hasaam303,2025-10-25,16:39:25,-07:00,2025-10-25T16:39:25-07:00,2,36
global.js,168,js,21f4f6f7,hasaam303,2025-10-25,16:39:25,-07:00,2025-10-25T16:39:25-07:00,1,0
global.js,169,js,43f02fd3,hasaam303,2025-10-25,17:12:52,-07:00,2025-10-25T17:12:52-07:00,0,0
global.js,170,js,43f02fd3,hasaam303,2025-10-25,17:12:52,-07:00,2025-10-25T17:12:52-07:00,0,0
global.js,171,js,43f02fd3,hasaam303,2025-10-25,17:12:52,-07:00,2025-10-25T17:12:52-07:00,0,47
global.js,172,js,43f02fd3,hasaam303,2025-10-25,17:12:52,-07:00,2025-10-25T17:12:52-07:00,1,59
global.js,173,js,d9cbb04f,hasaam303,2025-10-15,15:23:32,-07:00,2025-10-15T15:23:32-07:00,0,0
Resume\index.html,1,html,1f4081b1,hasaam303,2025-10-02,20:42:33,-07:00,2025-10-02T20:42:33-07:00,0,13
Resume\index.html,2,html,1f4081b1,hasaam303,2025-10-02,20:42:33,-07:00,2025-10-02T20:42:33-07:00,0,14
Resume\index.html,3,html,1f4081b1,hasaam303,2025-10-02,20:42:33,-07:00,2025-10-02T20:42:33-07:00,0,4
Resume\index.html,4,html,1f4081b1,hasaam303,2025-10-02,20:42:33,-07:00,2025-10-02T20:42:33-07:00,1,22
Resume\index.html,5,html,1f4081b1,hasaam303,2025-10-02,20:42:33,-07:00,2025-10-02T20:42:33-07:00,1,70
Resume\index.html,6,html,36c647d8,hasaam303,2025-10-03,14:37:01,-07:00,2025-10-03T14:37:01-07:00,1,33
Resume\index.html,7,html,1f4081b1,hasaam303,2025-10-02,20:42:33,-07:00,2025-10-02T20:42:33-07:00,1,43
Resume\index.html,8,html,1f4081b1,hasaam303,2025-10-02,20:42:33,-07:00,2025-10-02T20:42:33-07:00,0,5
Resume\index.html,9,html,a39a23a6,hasaam303,2025-10-10,21:11:45,-07:00,2025-10-10T21:11:45-07:00,0,19
Resume\index.html,10,html,4c0d2127,hasaam303,2025-10-15,14:41:33,-07:00,2025-10-15T14:41:33-07:00,1,2
Resume\index.html,11,html,1f4081b1,hasaam303,2025-10-02,20:42:33,-07:00,2025-10-02T20:42:33-07:00,1,3
Resume\index.html,12,html,1f4081b1,hasaam303,2025-10-02,20:42:33,-07:00,2025-10-02T20:42:33-07:00,2,20
Resume\index.html,13,html,1f4081b1,hasaam303,2025-10-02,20:42:33,-07:00,2025-10-02T20:42:33-07:00,2,33
Resume\index.html,14,html,1f4081b1,hasaam303,2025-10-02,20:42:33,-07:00,2025-10-02T20:42:33-07:00,2,31
Resume\index.html,15,html,4c0d2127,hasaam303,2025-10-15,14:41:33,-07:00,2025-10-15T14:41:33-07:00,2,21
Resume\index.html,16,html,36c647d8,hasaam303,2025-10-03,14:37:01,-07:00,2025-10-03T14:37:01-07:00,2,89
Resume\index.html,17,html,1f4081b1,hasaam303,2025-10-02,20:42:33,-07:00,2025-10-02T20:42:33-07:00,1,4
Resume\index.html,18,html,4c0d2127,hasaam303,2025-10-15,14:41:33,-07:00,2025-10-15T14:41:33-07:00,1,1
Resume\index.html,19,html,36c647d8,hasaam303,2025-10-03,14:37:01,-07:00,2025-10-03T14:37:01-07:00,1,6
Resume\index.html,20,html,36c647d8,hasaam303,2025-10-03,14:37:01,-07:00,2025-10-03T14:37:01-07:00,2,18
Resume\index.html,21,html,36c647d8,hasaam303,2025-10-03,14:37:01,-07:00,2025-10-03T14:37:01-07:00,2,1
Resume\index.html,22,html,36c647d8,hasaam303,2025-10-03,14:37:01,-07:00,2025-10-03T14:37:01-07:00,3,66
Resume\index.html,23,html,36c647d8,hasaam303,2025-10-03,14:37:01,-07:00,2025-10-03T14:37:01-07:00,3,43
Resume\index.html,24,html,36c647d8,hasaam303,2025-10-03,14:37:01,-07:00,2025-10-03T14:37:01-07:00,3,100
Resume\index.html,25,html,36c647d8,hasaam303,2025-10-03,14:37:01,-07:00,2025-10-03T14:37:01-07:00,4,35
Resume\index.html,26,html,36c647d8,hasaam303,2025-10-03,14:37:01,-07:00,2025-10-03T14:37:01-07:00,3,2
Resume\index.html,27,html,1f4081b1,hasaam303,2025-10-02,20:42:33,-07:00,2025-10-02T20:42:33-07:00,2,2
Resume\index.html,28,html,36c647d8,hasaam303,2025-10-03,14:37:01,-07:00,2025-10-03T14:37:01-07:00,1,7
Resume\index.html,29,html,36c647d8,hasaam303,2025-10-03,14:37:01,-07:00,2025-10-03T14:37:01-07:00,0,0
Resume\index.html,30,html,36c647d8,hasaam303,2025-10-03,14:37:01,-07:00,2025-10-03T14:37:01-07:00,1,4
Resume\index.html,31,html,36c647d8,hasaam303,2025-10-03,14:37:01,-07:00,2025-10-03T14:37:01-07:00,2,29
Resume\index.html,32,html,36c647d8,hasaam303,2025-10-03,14:37:01,-07:00,2025-10-03T14:37:01-07:00,3,25
Resume\index.html,33,html,36c647d8,hasaam303,2025-10-03,14:37:01,-07:00,2025-10-03T14:37:01-07:00,3,7
Resume\index.html,34,html,36c647d8,hasaam303,2025-10-03,14:37:01,-07:00,2025-10-03T14:37:01-07:00,4,57
Resume\index.html,35,html,36c647d8,hasaam303,2025-10-03,14:37:01,-07:00,2025-10-03T14:37:01-07:00,4,1
Resume\index.html,36,html,36c647d8,hasaam303,2025-10-03,14:37:01,-07:00,2025-10-03T14:37:01-07:00,5,72
Resume\index.html,37,html,36c647d8,hasaam303,2025-10-03,14:37:01,-07:00,2025-10-03T14:37:01-07:00,5,8
Resume\index.html,38,html,36c647d8,hasaam303,2025-10-03,14:37:01,-07:00,2025-10-03T14:37:01-07:00,5,39
Resume\index.html,39,html,36c647d8,hasaam303,2025-10-03,14:37:01,-07:00,2025-10-03T14:37:01-07:00,4,2
Resume\index.html,40,html,36c647d8,hasaam303,2025-10-03,14:37:01,-07:00,2025-10-03T14:37:01-07:00,3,8
Resume\index.html,41,html,36c647d8,hasaam303,2025-10-03,14:37:01,-07:00,2025-10-03T14:37:01-07:00,2,8
Resume\index.html,42,html,36c647d8,hasaam303,2025-10-03,14:37:01,-07:00,2025-10-03T14:37:01-07:00,0,0
Resume\index.html,43,html,36c647d8,hasaam303,2025-10-03,14:37:01,-07:00,2025-10-03T14:37:01-07:00,2,29
Resume\index.html,44,html,36c647d8,hasaam303,2025-10-03,14:37:01,-07:00,2025-10-03T14:37:01-07:00,3,39
Resume\index.html,45,html,36c647d8,hasaam303,2025-10-03,14:37:01,-07:00,2025-10-03T14:37:01-07:00,0,0
Resume\index.html,46,html,36c647d8,hasaam303,2025-10-03,14:37:01,-07:00,2025-10-03T14:37:01-07:00,3,7
Resume\index.html,47,html,36c647d8,hasaam303,2025-10-03,14:37:01,-07:00,2025-10-03T14:37:01-07:00,4,6
Resume\index.html,48,html,36c647d8,hasaam303,2025-10-03,14:37:01,-07:00,2025-10-03T14:37:01-07:00,5,35
Resume\index.html,49,html,36c647d8,hasaam303,2025-10-03,14:37:01,-07:00,2025-10-03T14:37:01-07:00,5,108
Resume\index.html,50,html,36c647d8,hasaam303,2025-10-03,14:37:01,-07:00,2025-10-03T14:37:01-07:00,4,7
Resume\index.html,51,html,36c647d8,hasaam303,2025-10-03,14:37:01,-07:00,2025-10-03T14:37:01-07:00,4,2
Resume\index.html,52,html,36c647d8,hasaam303,2025-10-03,14:37:01,-07:00,2025-10-03T14:37:01-07:00,5,107
Resume\index.html,53,html,36c647d8,hasaam303,2025-10-03,14:37:01,-07:00,2025-10-03T14:37:01-07:00,5,95
Resume\index.html,54,html,36c647d8,hasaam303,2025-10-03,14:37:01,-07:00,2025-10-03T14:37:01-07:00,5,86
Resume\index.html,55,html,36c647d8,hasaam303,2025-10-03,14:37:01,-07:00,2025-10-03T14:37:01-07:00,4,3
Resume\index.html,56,html,36c647d8,hasaam303,2025-10-03,14:37:01,-07:00,2025-10-03T14:37:01-07:00,3,8
Resume\index.html,57,html,36c647d8,hasaam303,2025-10-03,14:37:01,-07:00,2025-10-03T14:37:01-07:00,0,0
Resume\index.html,58,html,36c647d8,hasaam303,2025-10-03,14:37:01,-07:00,2025-10-03T14:37:01-07:00,3,7
Resume\index.html,59,html,36c647d8,hasaam303,2025-10-03,14:37:01,-07:00,2025-10-03T14:37:01-07:00,4,6
Resume\index.html,60,html,36c647d8,hasaam303,2025-10-03,14:37:01,-07:00,2025-10-03T14:37:01-07:00,5,70
Resume\index.html,61,html,36c647d8,hasaam303,2025-10-03,14:37:01,-07:00,2025-10-03T14:37:01-07:00,5,93
Resume\index.html,62,html,36c647d8,hasaam303,2025-10-03,14:37:01,-07:00,2025-10-03T14:37:01-07:00,4,7
Resume\index.html,63,html,36c647d8,hasaam303,2025-10-03,14:37:01,-07:00,2025-10-03T14:37:01-07:00,4,2
Resume\index.html,64,html,36c647d8,hasaam303,2025-10-03,14:37:01,-07:00,2025-10-03T14:37:01-07:00,5,105
Resume\index.html,65,html,36c647d8,hasaam303,2025-10-03,14:37:01,-07:00,2025-10-03T14:37:01-07:00,5,72
Resume\index.html,66,html,36c647d8,hasaam303,2025-10-03,14:37:01,-07:00,2025-10-03T14:37:01-07:00,5,79
Resume\index.html,67,html,36c647d8,hasaam303,2025-10-03,14:37:01,-07:00,2025-10-03T14:37:01-07:00,5,103
Resume\index.html,68,html,36c647d8,hasaam303,2025-10-03,14:37:01,-07:00,2025-10-03T14:37:01-07:00,4,3
Resume\index.html,69,html,36c647d8,hasaam303,2025-10-03,14:37:01,-07:00,2025-10-03T14:37:01-07:00,3,8
Resume\index.html,70,html,36c647d8,hasaam303,2025-10-03,14:37:01,-07:00,2025-10-03T14:37:01-07:00,2,8
Resume\index.html,71,html,36c647d8,hasaam303,2025-10-03,14:37:01,-07:00,2025-10-03T14:37:01-07:00,0,0
Resume\index.html,72,html,36c647d8,hasaam303,2025-10-03,14:37:01,-07:00,2025-10-03T14:37:01-07:00,2,34
Resume\index.html,73,html,36c647d8,hasaam303,2025-10-03,14:37:01,-07:00,2025-10-03T14:37:01-07:00,3,29
Resume\index.html,74,html,36c647d8,hasaam303,2025-10-03,14:37:01,-07:00,2025-10-03T14:37:01-07:00,0,0
Resume\index.html,75,html,36c647d8,hasaam303,2025-10-03,14:37:01,-07:00,2025-10-03T14:37:01-07:00,3,7
Resume\index.html,76,html,36c647d8,hasaam303,2025-10-03,14:37:01,-07:00,2025-10-03T14:37:01-07:00,4,6
Resume\index.html,77,html,36c647d8,hasaam303,2025-10-03,14:37:01,-07:00,2025-10-03T14:37:01-07:00,5,63
Resume\index.html,78,html,36c647d8,hasaam303,2025-10-03,14:37:01,-07:00,2025-10-03T14:37:01-07:00,5,34
Resume\index.html,79,html,36c647d8,hasaam303,2025-10-03,14:37:01,-07:00,2025-10-03T14:37:01-07:00,4,7
Resume\index.html,80,html,36c647d8,hasaam303,2025-10-03,14:37:01,-07:00,2025-10-03T14:37:01-07:00,4,2
Resume\index.html,81,html,36c647d8,hasaam303,2025-10-03,14:37:01,-07:00,2025-10-03T14:37:01-07:00,5,105
Resume\index.html,82,html,36c647d8,hasaam303,2025-10-03,14:37:01,-07:00,2025-10-03T14:37:01-07:00,5,120
Resume\index.html,83,html,36c647d8,hasaam303,2025-10-03,14:37:01,-07:00,2025-10-03T14:37:01-07:00,5,89
Resume\index.html,84,html,36c647d8,hasaam303,2025-10-03,14:37:01,-07:00,2025-10-03T14:37:01-07:00,4,3
Resume\index.html,85,html,36c647d8,hasaam303,2025-10-03,14:37:01,-07:00,2025-10-03T14:37:01-07:00,3,8
Resume\index.html,86,html,36c647d8,hasaam303,2025-10-03,14:37:01,-07:00,2025-10-03T14:37:01-07:00,0,0
Resume\index.html,87,html,36c647d8,hasaam303,2025-10-03,14:37:01,-07:00,2025-10-03T14:37:01-07:00,3,7
Resume\index.html,88,html,36c647d8,hasaam303,2025-10-03,14:37:01,-07:00,2025-10-03T14:37:01-07:00,4,6
Resume\index.html,89,html,36c647d8,hasaam303,2025-10-03,14:37:01,-07:00,2025-10-03T14:37:01-07:00,5,37
Resume\index.html,90,html,36c647d8,hasaam303,2025-10-03,14:37:01,-07:00,2025-10-03T14:37:01-07:00,5,33
Resume\index.html,91,html,36c647d8,hasaam303,2025-10-03,14:37:01,-07:00,2025-10-03T14:37:01-07:00,4,7
Resume\index.html,92,html,36c647d8,hasaam303,2025-10-03,14:37:01,-07:00,2025-10-03T14:37:01-07:00,4,2
Resume\index.html,93,html,36c647d8,hasaam303,2025-10-03,14:37:01,-07:00,2025-10-03T14:37:01-07:00,5,93
Resume\index.html,94,html,36c647d8,hasaam303,2025-10-03,14:37:01,-07:00,2025-10-03T14:37:01-07:00,5,81
Resume\index.html,95,html,36c647d8,hasaam303,2025-10-03,14:37:01,-07:00,2025-10-03T14:37:01-07:00,5,96
Resume\index.html,96,html,36c647d8,hasaam303,2025-10-03,14:37:01,-07:00,2025-10-03T14:37:01-07:00,4,3
Resume\index.html,97,html,36c647d8,hasaam303,2025-10-03,14:37:01,-07:00,2025-10-03T14:37:01-07:00,3,8
Resume\index.html,98,html,36c647d8,hasaam303,2025-10-03,14:37:01,-07:00,2025-10-03T14:37:01-07:00,0,0
Resume\index.html,99,html,36c647d8,hasaam303,2025-10-03,14:37:01,-07:00,2025-10-03T14:37:01-07:00,3,7
Resume\index.html,100,html,36c647d8,hasaam303,2025-10-03,14:37:01,-07:00,2025-10-03T14:37:01-07:00,4,6
Resume\index.html,101,html,36c647d8,hasaam303,2025-10-03,14:37:01,-07:00,2025-10-03T14:37:01-07:00,5,36
Resume\index.html,102,html,36c647d8,hasaam303,2025-10-03,14:37:01,-07:00,2025-10-03T14:37:01-07:00,5,48
Resume\index.html,103,html,36c647d8,hasaam303,2025-10-03,14:37:01,-07:00,2025-10-03T14:37:01-07:00,4,7
Resume\index.html,104,html,36c647d8,hasaam303,2025-10-03,14:37:01,-07:00,2025-10-03T14:37:01-07:00,4,2
Resume\index.html,105,html,36c647d8,hasaam303,2025-10-03,14:37:01,-07:00,2025-10-03T14:37:01-07:00,5,79
Resume\index.html,106,html,36c647d8,hasaam303,2025-10-03,14:37:01,-07:00,2025-10-03T14:37:01-07:00,5,86
Resume\index.html,107,html,36c647d8,hasaam303,2025-10-03,14:37:01,-07:00,2025-10-03T14:37:01-07:00,4,3
Resume\index.html,108,html,36c647d8,hasaam303,2025-10-03,14:37:01,-07:00,2025-10-03T14:37:01-07:00,3,8
Resume\index.html,109,html,36c647d8,hasaam303,2025-10-03,14:37:01,-07:00,2025-10-03T14:37:01-07:00,2,8
Resume\index.html,110,html,36c647d8,hasaam303,2025-10-03,14:37:01,-07:00,2025-10-03T14:37:01-07:00,0,0
Resume\index.html,111,html,36c647d8,hasaam303,2025-10-03,14:37:01,-07:00,2025-10-03T14:37:01-07:00,2,30
Resume\index.html,112,html,36c647d8,hasaam303,2025-10-03,14:37:01,-07:00,2025-10-03T14:37:01-07:00,3,30
Resume\index.html,113,html,36c647d8,hasaam303,2025-10-03,14:37:01,-07:00,2025-10-03T14:37:01-07:00,3,7
Resume\index.html,114,html,36c647d8,hasaam303,2025-10-03,14:37:01,-07:00,2025-10-03T14:37:01-07:00,4,6
Resume\index.html,115,html,36c647d8,hasaam303,2025-10-03,14:37:01,-07:00,2025-10-03T14:37:01-07:00,5,41
Resume\index.html,116,html,36c647d8,hasaam303,2025-10-03,14:37:01,-07:00,2025-10-03T14:37:01-07:00,5,75
Resume\index.html,117,html,36c647d8,hasaam303,2025-10-03,14:37:01,-07:00,2025-10-03T14:37:01-07:00,4,7
Resume\index.html,118,html,36c647d8,hasaam303,2025-10-03,14:37:01,-07:00,2025-10-03T14:37:01-07:00,4,2
Resume\index.html,119,html,36c647d8,hasaam303,2025-10-03,14:37:01,-07:00,2025-10-03T14:37:01-07:00,5,115
Resume\index.html,120,html,36c647d8,hasaam303,2025-10-03,14:37:01,-07:00,2025-10-03T14:37:01-07:00,4,3
Resume\index.html,121,html,36c647d8,hasaam303,2025-10-03,14:37:01,-07:00,2025-10-03T14:37:01-07:00,3,8
Resume\index.html,122,html,36c647d8,hasaam303,2025-10-03,14:37:01,-07:00,2025-10-03T14:37:01-07:00,0,0
Resume\index.html,123,html,36c647d8,hasaam303,2025-10-03,14:37:01,-07:00,2025-10-03T14:37:01-07:00,3,7
Resume\index.html,124,html,36c647d8,hasaam303,2025-10-03,14:37:01,-07:00,2025-10-03T14:37:01-07:00,4,6
Resume\index.html,125,html,36c647d8,hasaam303,2025-10-03,14:37:01,-07:00,2025-10-03T14:37:01-07:00,5,43
Resume\index.html,126,html,36c647d8,hasaam303,2025-10-03,14:37:01,-07:00,2025-10-03T14:37:01-07:00,5,64
Resume\index.html,127,html,36c647d8,hasaam303,2025-10-03,14:37:01,-07:00,2025-10-03T14:37:01-07:00,4,7
Resume\index.html,128,html,36c647d8,hasaam303,2025-10-03,14:37:01,-07:00,2025-10-03T14:37:01-07:00,4,2
Resume\index.html,129,html,36c647d8,hasaam303,2025-10-03,14:37:01,-07:00,2025-10-03T14:37:01-07:00,5,113
Resume\index.html,130,html,36c647d8,hasaam303,2025-10-03,14:37:01,-07:00,2025-10-03T14:37:01-07:00,4,3
Resume\index.html,131,html,36c647d8,hasaam303,2025-10-03,14:37:01,-07:00,2025-10-03T14:37:01-07:00,3,8
Resume\index.html,132,html,36c647d8,hasaam303,2025-10-03,14:37:01,-07:00,2025-10-03T14:37:01-07:00,2,8
Resume\index.html,133,html,36c647d8,hasaam303,2025-10-03,14:37:01,-07:00,2025-10-03T14:37:01-07:00,0,0
Resume\index.html,134,html,36c647d8,hasaam303,2025-10-03,14:37:01,-07:00,2025-10-03T14:37:01-07:00,2,32
Resume\index.html,135,html,36c647d8,hasaam303,2025-10-03,14:37:01,-07:00,2025-10-03T14:37:01-07:00,3,25
Resume\index.html,136,html,36c647d8,hasaam303,2025-10-03,14:37:01,-07:00,2025-10-03T14:37:01-07:00,3,93
Resume\index.html,137,html,36c647d8,hasaam303,2025-10-03,14:37:01,-07:00,2025-10-03T14:37:01-07:00,3,110
Resume\index.html,138,html,36c647d8,hasaam303,2025-10-03,14:37:01,-07:00,2025-10-03T14:37:01-07:00,2,8
Resume\index.html,139,html,36c647d8,hasaam303,2025-10-03,14:37:01,-07:00,2025-10-03T14:37:01-07:00,1,5
Resume\index.html,140,html,1f4081b1,hasaam303,2025-10-02,20:42:33,-07:00,2025-10-02T20:42:33-07:00,0,5
Resume\index.html,141,html,c5959482,hasaam303,2025-10-15,14:00:33,-07:00,2025-10-15T14:00:33-07:00,0,48
Resume\index.html,142,html,1f4081b1,hasaam303,2025-10-02,20:42:33,-07:00,2025-10-02T20:42:33-07:00,0,5
projects\projects.js,1,js,21f4f6f7,hasaam303,2025-10-25,16:39:25,-07:00,2025-10-25T16:39:25-07:00,0,55
projects\projects.js,2,js,b107a7a4,hasaam303,2025-10-27,15:51:50,-07:00,2025-10-27T15:51:50-07:00,0,59
projects\projects.js,3,js,b107a7a4,hasaam303,2025-10-27,15:51:50,-07:00,2025-10-27T15:51:50-07:00,0,0
projects\projects.js,4,js,21f4f6f7,hasaam303,2025-10-25,16:39:25,-07:00,2025-10-25T16:39:25-07:00,0,55
projects\projects.js,5,js,97396736,hasaam303,2025-10-31,18:01:33,-07:00,2025-10-31T18:01:33-07:00,0,68
projects\projects.js,6,js,97396736,hasaam303,2025-10-31,18:01:33,-07:00,2025-10-31T18:01:33-07:00,0,0
projects\projects.js,7,js,21f4f6f7,hasaam303,2025-10-25,16:39:25,-07:00,2025-10-25T16:39:25-07:00,0,60
projects\projects.js,8,js,440902c6,hasaam303,2025-10-31,17:35:31,-07:00,2025-10-31T17:35:31-07:00,0,48
projects\projects.js,9,js,21f4f6f7,hasaam303,2025-10-25,16:39:25,-07:00,2025-10-25T16:39:25-07:00,0,48
projects\projects.js,10,js,21f4f6f7,hasaam303,2025-10-25,16:39:25,-07:00,2025-10-25T16:39:25-07:00,0,61
projects\projects.js,11,js,21f4f6f7,hasaam303,2025-10-25,16:39:25,-07:00,2025-10-25T16:39:25-07:00,0,17
projects\projects.js,12,js,21f4f6f7,hasaam303,2025-10-25,16:39:25,-07:00,2025-10-25T16:39:25-07:00,2,55
projects\projects.js,13,js,b107a7a4,hasaam303,2025-10-27,15:51:50,-07:00,2025-10-27T15:51:50-07:00,1,0
projects\projects.js,14,js,dfbe29fa,hasaam303,2025-10-27,16:21:41,-07:00,2025-10-27T16:21:41-07:00,0,38
projects\projects.js,15,js,dfbe29fa,hasaam303,2025-10-27,16:21:41,-07:00,2025-10-27T16:21:41-07:00,1,41
projects\projects.js,16,js,dfbe29fa,hasaam303,2025-10-27,16:21:41,-07:00,2025-10-27T16:21:41-07:00,1,34
projects\projects.js,17,js,4bc307af,hasaam303,2025-10-27,16:11:13,-07:00,2025-10-27T16:11:13-07:00,0,0
projects\projects.js,18,js,dfbe29fa,hasaam303,2025-10-27,16:21:41,-07:00,2025-10-27T16:21:41-07:00,1,26
projects\projects.js,19,js,dfbe29fa,hasaam303,2025-10-27,16:21:41,-07:00,2025-10-27T16:21:41-07:00,1,29
projects\projects.js,20,js,4bc307af,hasaam303,2025-10-27,16:11:13,-07:00,2025-10-27T16:11:13-07:00,0,0
projects\projects.js,21,js,97396736,hasaam303,2025-10-31,18:01:33,-07:00,2025-10-31T18:01:33-07:00,1,24
projects\projects.js,22,js,97396736,hasaam303,2025-10-31,18:01:33,-07:00,2025-10-31T18:01:33-07:00,2,12
projects\projects.js,23,js,97396736,hasaam303,2025-10-31,18:01:33,-07:00,2025-10-31T18:01:33-07:00,2,12
projects\projects.js,24,js,97396736,hasaam303,2025-10-31,18:01:33,-07:00,2025-10-31T18:01:33-07:00,2,31
projects\projects.js,25,js,dfbe29fa,hasaam303,2025-10-27,16:21:41,-07:00,2025-10-27T16:21:41-07:00,1,0
projects\projects.js,26,js,97396736,hasaam303,2025-10-31,18:01:33,-07:00,2025-10-31T18:01:33-07:00,1,74
projects\projects.js,27,js,97396736,hasaam303,2025-10-31,18:01:33,-07:00,2025-10-31T18:01:33-07:00,1,28
projects\projects.js,28,js,440902c6,hasaam303,2025-10-31,17:35:31,-07:00,2025-10-31T17:35:31-07:00,0,0
projects\projects.js,29,js,440902c6,hasaam303,2025-10-31,17:35:31,-07:00,2025-10-31T17:35:31-07:00,1,41
projects\projects.js,30,js,440902c6,hasaam303,2025-10-31,17:35:31,-07:00,2025-10-31T17:35:31-07:00,1,22
projects\projects.js,31,js,97396736,hasaam303,2025-10-31,18:01:33,-07:00,2025-10-31T18:01:33-07:00,1,52
projects\projects.js,32,js,440902c6,hasaam303,2025-10-31,17:35:31,-07:00,2025-10-31T17:35:31-07:00,1,48
projects\projects.js,33,js,440902c6,hasaam303,2025-10-31,17:35:31,-07:00,2025-10-31T17:35:31-07:00,0,0
projects\projects.js,34,js,97396736,hasaam303,2025-10-31,18:01:33,-07:00,2025-10-31T18:01:33-07:00,1,15
projects\projects.js,35,js,440902c6,hasaam303,2025-10-31,17:35:31,-07:00,2025-10-31T17:35:31-07:00,1,19
projects\projects.js,36,js,440902c6,hasaam303,2025-10-31,17:35:31,-07:00,2025-10-31T17:35:31-07:00,2,9
projects\projects.js,37,js,440902c6,hasaam303,2025-10-31,17:35:31,-07:00,2025-10-31T17:35:31-07:00,2,11
projects\projects.js,38,js,440902c6,hasaam303,2025-10-31,17:35:31,-07:00,2025-10-31T17:35:31-07:00,3,13
projects\projects.js,39,js,440902c6,hasaam303,2025-10-31,17:35:31,-07:00,2025-10-31T17:35:31-07:00,3,31
projects\projects.js,40,js,440902c6,hasaam303,2025-10-31,17:35:31,-07:00,2025-10-31T17:35:31-07:00,3,65
projects\projects.js,41,js,97396736,hasaam303,2025-10-31,18:01:33,-07:00,2025-10-31T18:01:33-07:00,3,25
projects\projects.js,42,js,97396736,hasaam303,2025-10-31,18:01:33,-07:00,2025-10-31T18:01:33-07:00,4,27
projects\projects.js,43,js,440902c6,hasaam303,2025-10-31,17:35:31,-07:00,2025-10-31T17:35:31-07:00,4,45
projects\projects.js,44,js,440902c6,hasaam303,2025-10-31,17:35:31,-07:00,2025-10-31T17:35:31-07:00,0,0
projects\projects.js,45,js,97396736,hasaam303,2025-10-31,18:01:33,-07:00,2025-10-31T18:01:33-07:00,4,15
projects\projects.js,46,js,440902c6,hasaam303,2025-10-31,17:35:31,-07:00,2025-10-31T17:35:31-07:00,4,19
projects\projects.js,47,js,440902c6,hasaam303,2025-10-31,17:35:31,-07:00,2025-10-31T17:35:31-07:00,5,71
projects\projects.js,48,js,440902c6,hasaam303,2025-10-31,17:35:31,-07:00,2025-10-31T17:35:31-07:00,4,20
projects\projects.js,49,js,440902c6,hasaam303,2025-10-31,17:35:31,-07:00,2025-10-31T17:35:31-07:00,5,84
projects\projects.js,50,js,97396736,hasaam303,2025-10-31,18:01:33,-07:00,2025-10-31T18:01:33-07:00,0,0
projects\projects.js,51,js,97396736,hasaam303,2025-10-31,18:01:33,-07:00,2025-10-31T18:01:33-07:00,4,26
projects\projects.js,52,js,97396736,hasaam303,2025-10-31,18:01:33,-07:00,2025-10-31T18:01:33-07:00,4,36
projects\projects.js,53,js,97396736,hasaam303,2025-10-31,18:01:33,-07:00,2025-10-31T18:01:33-07:00,5,13
projects\projects.js,54,js,97396736,hasaam303,2025-10-31,18:01:33,-07:00,2025-10-31T18:01:33-07:00,5,85
projects\projects.js,55,js,97396736,hasaam303,2025-10-31,18:01:33,-07:00,2025-10-31T18:01:33-07:00,4,47
projects\projects.js,56,js,97396736,hasaam303,2025-10-31,18:01:33,-07:00,2025-10-31T18:01:33-07:00,4,56
projects\projects.js,57,js,97396736,hasaam303,2025-10-31,18:01:33,-07:00,2025-10-31T18:01:33-07:00,4,62
projects\projects.js,58,js,440902c6,hasaam303,2025-10-31,17:35:31,-07:00,2025-10-31T17:35:31-07:00,3,1
projects\projects.js,59,js,440902c6,hasaam303,2025-10-31,17:35:31,-07:00,2025-10-31T17:35:31-07:00,0,0
projects\projects.js,60,js,97396736,hasaam303,2025-10-31,18:01:33,-07:00,2025-10-31T18:01:33-07:00,1,15
projects\projects.js,61,js,440902c6,hasaam303,2025-10-31,17:35:31,-07:00,2025-10-31T17:35:31-07:00,1,20
projects\projects.js,62,js,440902c6,hasaam303,2025-10-31,17:35:31,-07:00,2025-10-31T17:35:31-07:00,2,9
projects\projects.js,63,js,440902c6,hasaam303,2025-10-31,17:35:31,-07:00,2025-10-31T17:35:31-07:00,2,9
projects\projects.js,64,js,440902c6,hasaam303,2025-10-31,17:35:31,-07:00,2025-10-31T17:35:31-07:00,3,78
projects\projects.js,65,js,440902c6,hasaam303,2025-10-31,17:35:31,-07:00,2025-10-31T17:35:31-07:00,3,45
projects\projects.js,66,js,440902c6,hasaam303,2025-10-31,17:35:31,-07:00,2025-10-31T17:35:31-07:00,3,73
projects\projects.js,67,js,97396736,hasaam303,2025-10-31,18:01:33,-07:00,2025-10-31T18:01:33-07:00,3,25
projects\projects.js,68,js,97396736,hasaam303,2025-10-31,18:01:33,-07:00,2025-10-31T18:01:33-07:00,4,27
projects\projects.js,69,js,440902c6,hasaam303,2025-10-31,17:35:31,-07:00,2025-10-31T17:35:31-07:00,4,45
projects\projects.js,70,js,440902c6,hasaam303,2025-10-31,17:35:31,-07:00,2025-10-31T17:35:31-07:00,0,0
projects\projects.js,71,js,97396736,hasaam303,2025-10-31,18:01:33,-07:00,2025-10-31T18:01:33-07:00,4,13
projects\projects.js,72,js,440902c6,hasaam303,2025-10-31,17:35:31,-07:00,2025-10-31T17:35:31-07:00,4,20
projects\projects.js,73,js,440902c6,hasaam303,2025-10-31,17:35:31,-07:00,2025-10-31T17:35:31-07:00,5,84
projects\projects.js,74,js,440902c6,hasaam303,2025-10-31,17:35:31,-07:00,2025-10-31T17:35:31-07:00,4,19
projects\projects.js,75,js,440902c6,hasaam303,2025-10-31,17:35:31,-07:00,2025-10-31T17:35:31-07:00,5,71
projects\projects.js,76,js,97396736,hasaam303,2025-10-31,18:01:33,-07:00,2025-10-31T18:01:33-07:00,0,0
projects\projects.js,77,js,97396736,hasaam303,2025-10-31,18:01:33,-07:00,2025-10-31T18:01:33-07:00,4,27
projects\projects.js,78,js,97396736,hasaam303,2025-10-31,18:01:33,-07:00,2025-10-31T18:01:33-07:00,4,36
projects\projects.js,79,js,97396736,hasaam303,2025-10-31,18:01:33,-07:00,2025-10-31T18:01:33-07:00,5,13
projects\projects.js,80,js,97396736,hasaam303,2025-10-31,18:01:33,-07:00,2025-10-31T18:01:33-07:00,5,85
projects\projects.js,81,js,97396736,hasaam303,2025-10-31,18:01:33,-07:00,2025-10-31T18:01:33-07:00,4,47
projects\projects.js,82,js,97396736,hasaam303,2025-10-31,18:01:33,-07:00,2025-10-31T18:01:33-07:00,4,56
projects\projects.js,83,js,97396736,hasaam303,2025-10-31,18:01:33,-07:00,2025-10-31T18:01:33-07:00,4,62
projects\projects.js,84,js,440902c6,hasaam303,2025-10-31,17:35:31,-07:00,2025-10-31T17:35:31-07:00,3,1
projects\projects.js,85,js,97396736,hasaam303,2025-10-31,18:01:33,-07:00,2025-10-31T18:01:33-07:00,0,0
projects\projects.js,86,js,97396736,hasaam303,2025-10-31,18:01:33,-07:00,2025-10-31T18:01:33-07:00,0,0
projects\projects.js,87,js,97396736,hasaam303,2025-10-31,18:01:33,-07:00,2025-10-31T18:01:33-07:00,0,31
projects\projects.js,88,js,97396736,hasaam303,2025-10-31,18:01:33,-07:00,2025-10-31T18:01:33-07:00,0,26
projects\projects.js,89,js,97396736,hasaam303,2025-10-31,18:01:33,-07:00,2025-10-31T18:01:33-07:00,0,0
projects\projects.js,90,js,97396736,hasaam303,2025-10-31,18:01:33,-07:00,2025-10-31T18:01:33-07:00,0,0
projects\projects.js,91,js,97396736,hasaam303,2025-10-31,18:01:33,-07:00,2025-10-31T18:01:33-07:00,0,65
projects\projects.js,92,js,97396736,hasaam303,2025-10-31,18:01:33,-07:00,2025-10-31T18:01:33-07:00,0,13
projects\projects.js,93,js,97396736,hasaam303,2025-10-31,18:01:33,-07:00,2025-10-31T18:01:33-07:00,0,55
projects\projects.js,94,js,97396736,hasaam303,2025-10-31,18:01:33,-07:00,2025-10-31T18:01:33-07:00,0,0
projects\projects.js,95,js,97396736,hasaam303,2025-10-31,18:01:33,-07:00,2025-10-31T18:01:33-07:00,0,20
projects\projects.js,96,js,97396736,hasaam303,2025-10-31,18:01:33,-07:00,2025-10-31T18:01:33-07:00,1,36
projects\projects.js,97,js,97396736,hasaam303,2025-10-31,18:01:33,-07:00,2025-10-31T18:01:33-07:00,1,25
projects\projects.js,98,js,97396736,hasaam303,2025-10-31,18:01:33,-07:00,2025-10-31T18:01:33-07:00,2,55
projects\projects.js,99,js,97396736,hasaam303,2025-10-31,18:01:33,-07:00,2025-10-31T18:01:33-07:00,1,0
projects\projects.js,100,js,97396736,hasaam303,2025-10-31,18:01:33,-07:00,2025-10-31T18:01:33-07:00,0,0
projects\projects.js,101,js,97396736,hasaam303,2025-10-31,18:01:33,-07:00,2025-10-31T18:01:33-07:00,0,0
projects\projects.js,102,js,97396736,hasaam303,2025-10-31,18:01:33,-07:00,2025-10-31T18:01:33-07:00,0,77
projects\projects.js,103,js,97396736,hasaam303,2025-10-31,18:01:33,-07:00,2025-10-31T18:01:33-07:00,0,50
projects\projects.js,104,js,97396736,hasaam303,2025-10-31,18:01:33,-07:00,2025-10-31T18:01:33-07:00,1,44
projects\projects.js,105,js,97396736,hasaam303,2025-10-31,18:01:33,-07:00,2025-10-31T18:01:33-07:00,1,46
projects\projects.js,106,js,97396736,hasaam303,2025-10-31,18:01:33,-07:00,2025-10-31T18:01:33-07:00,1,53
projects\projects.js,107,js,97396736,hasaam303,2025-10-31,18:01:33,-07:00,2025-10-31T18:01:33-07:00,1,48
projects\projects.js,108,js,97396736,hasaam303,2025-10-31,18:01:33,-07:00,2025-10-31T18:01:33-07:00,1,51
projects\projects.js,109,js,97396736,hasaam303,2025-10-31,18:01:33,-07:00,2025-10-31T18:01:33-07:00,0,1
projects\index.html,1,html,5748d2cb,hasaam303,2025-10-02,14:55:37,-07:00,2025-10-02T14:55:37-07:00,0,13
projects\index.html,2,html,5748d2cb,hasaam303,2025-10-02,14:55:37,-07:00,2025-10-02T14:55:37-07:00,0,14
projects\index.html,3,html,5748d2cb,hasaam303,2025-10-02,14:55:37,-07:00,2025-10-02T14:55:37-07:00,0,4
projects\index.html,4,html,5748d2cb,hasaam303,2025-10-02,14:55:37,-07:00,2025-10-02T14:55:37-07:00,1,22
projects\index.html,5,html,5748d2cb,hasaam303,2025-10-02,14:55:37,-07:00,2025-10-02T14:55:37-07:00,1,70
projects\index.html,6,html,5748d2cb,hasaam303,2025-10-02,14:55:37,-07:00,2025-10-02T14:55:37-07:00,1,30
projects\index.html,7,html,5748d2cb,hasaam303,2025-10-02,14:55:37,-07:00,2025-10-02T14:55:37-07:00,1,43
projects\index.html,8,html,5748d2cb,hasaam303,2025-10-02,14:55:37,-07:00,2025-10-02T14:55:37-07:00,0,5
projects\index.html,9,html,5748d2cb,hasaam303,2025-10-02,14:55:37,-07:00,2025-10-02T14:55:37-07:00,0,4
projects\index.html,10,html,4c0d2127,hasaam303,2025-10-15,14:41:33,-07:00,2025-10-15T14:41:33-07:00,1,2
projects\index.html,11,html,5748d2cb,hasaam303,2025-10-02,14:55:37,-07:00,2025-10-02T14:55:37-07:00,1,3
projects\index.html,12,html,5748d2cb,hasaam303,2025-10-02,14:55:37,-07:00,2025-10-02T14:55:37-07:00,2,20
projects\index.html,13,html,4c0d2127,hasaam303,2025-10-15,14:41:33,-07:00,2025-10-15T14:41:33-07:00,2,23
projects\index.html,14,html,5748d2cb,hasaam303,2025-10-02,14:55:37,-07:00,2025-10-02T14:55:37-07:00,2,31
projects\index.html,15,html,ac8e2df8,hasaam303,2025-10-10,13:31:49,-07:00,2025-10-10T13:31:49-07:00,2,29
projects\index.html,16,html,779c0813,hasaam303,2025-10-10,13:22:55,-07:00,2025-10-10T13:22:55-07:00,2,89
projects\index.html,17,html,5748d2cb,hasaam303,2025-10-02,14:55:37,-07:00,2025-10-02T14:55:37-07:00,1,4
projects\index.html,18,html,4c0d2127,hasaam303,2025-10-15,14:41:33,-07:00,2025-10-15T14:41:33-07:00,1,1
projects\index.html,19,html,21f4f6f7,hasaam303,2025-10-25,16:39:25,-07:00,2025-10-25T16:39:25-07:00,1,38
projects\index.html,20,html,b107a7a4,hasaam303,2025-10-27,15:51:50,-07:00,2025-10-27T15:51:50-07:00,1,21
projects\index.html,21,html,b107a7a4,hasaam303,2025-10-27,15:51:50,-07:00,2025-10-27T15:51:50-07:00,2,54
projects\index.html,22,html,b107a7a4,hasaam303,2025-10-27,15:51:50,-07:00,2025-10-27T15:51:50-07:00,2,22
projects\index.html,23,html,b107a7a4,hasaam303,2025-10-27,15:51:50,-07:00,2025-10-27T15:51:50-07:00,1,4
projects\index.html,24,html,4bc307af,hasaam303,2025-10-27,16:11:13,-07:00,2025-10-27T16:11:13-07:00,1,4
projects\index.html,25,html,4bc307af,hasaam303,2025-10-27,16:11:13,-07:00,2025-10-27T16:11:13-07:00,1,15
projects\index.html,26,html,4bc307af,hasaam303,2025-10-27,16:11:13,-07:00,2025-10-27T16:11:13-07:00,1,11
projects\index.html,27,html,4bc307af,hasaam303,2025-10-27,16:11:13,-07:00,2025-10-27T16:11:13-07:00,1,26
projects\index.html,28,html,4bc307af,hasaam303,2025-10-27,16:11:13,-07:00,2025-10-27T16:11:13-07:00,1,31
projects\index.html,29,html,4bc307af,hasaam303,2025-10-27,16:11:13,-07:00,2025-10-27T16:11:13-07:00,1,0
projects\index.html,30,html,ceebe4a1,hasaam303,2025-10-10,14:31:43,-07:00,2025-10-10T14:31:43-07:00,1,24
projects\index.html,31,html,21f4f6f7,hasaam303,2025-10-25,16:39:25,-07:00,2025-10-25T16:39:25-07:00,3,2
projects\index.html,32,html,4208a431,hasaam303,2025-10-10,14:23:11,-07:00,2025-10-10T14:23:11-07:00,2,7
projects\index.html,33,html,4208a431,hasaam303,2025-10-10,14:23:11,-07:00,2025-10-10T14:23:11-07:00,3,18
projects\index.html,34,html,4208a431,hasaam303,2025-10-10,14:23:11,-07:00,2025-10-10T14:23:11-07:00,3,91
projects\index.html,35,html,9c553624,hasaam303,2025-10-10,14:39:55,-07:00,2025-10-10T14:39:55-07:00,3,79
projects\index.html,36,html,4208a431,hasaam303,2025-10-10,14:23:11,-07:00,2025-10-10T14:23:11-07:00,2,8
projects\index.html,37,html,ceebe4a1,hasaam303,2025-10-10,14:31:43,-07:00,2025-10-10T14:31:43-07:00,0,0
projects\index.html,38,html,4208a431,hasaam303,2025-10-10,14:23:11,-07:00,2025-10-10T14:23:11-07:00,2,7
projects\index.html,39,html,4208a431,hasaam303,2025-10-10,14:23:11,-07:00,2025-10-10T14:23:11-07:00,3,18
projects\index.html,40,html,4208a431,hasaam303,2025-10-10,14:23:11,-07:00,2025-10-10T14:23:11-07:00,3,91
projects\index.html,41,html,9c553624,hasaam303,2025-10-10,14:39:55,-07:00,2025-10-10T14:39:55-07:00,3,88
projects\index.html,42,html,4208a431,hasaam303,2025-10-10,14:23:11,-07:00,2025-10-10T14:23:11-07:00,2,8
projects\index.html,43,html,ceebe4a1,hasaam303,2025-10-10,14:31:43,-07:00,2025-10-10T14:31:43-07:00,0,0
projects\index.html,44,html,4208a431,hasaam303,2025-10-10,14:23:11,-07:00,2025-10-10T14:23:11-07:00,2,7
projects\index.html,45,html,4208a431,hasaam303,2025-10-10,14:23:11,-07:00,2025-10-10T14:23:11-07:00,3,20
projects\index.html,46,html,4208a431,hasaam303,2025-10-10,14:23:11,-07:00,2025-10-10T14:23:11-07:00,3,91
projects\index.html,47,html,f9293ebb,hasaam303,2025-10-10,18:55:41,-07:00,2025-10-10T18:55:41-07:00,3,68
projects\index.html,48,html,f9293ebb,hasaam303,2025-10-10,18:55:41,-07:00,2025-10-10T18:55:41-07:00,2,8
projects\index.html,49,html,f9293ebb,hasaam303,2025-10-10,18:55:41,-07:00,2025-10-10T18:55:41-07:00,0,0
projects\index.html,50,html,f9293ebb,hasaam303,2025-10-10,18:55:41,-07:00,2025-10-10T18:55:41-07:00,0,0
projects\index.html,51,html,f9293ebb,hasaam303,2025-10-10,18:55:41,-07:00,2025-10-10T18:55:41-07:00,2,7
projects\index.html,52,html,f9293ebb,hasaam303,2025-10-10,18:55:41,-07:00,2025-10-10T18:55:41-07:00,3,19
projects\index.html,53,html,f9293ebb,hasaam303,2025-10-10,18:55:41,-07:00,2025-10-10T18:55:41-07:00,3,91
projects\index.html,54,html,f9293ebb,hasaam303,2025-10-10,18:55:41,-07:00,2025-10-10T18:55:41-07:00,3,81
projects\index.html,55,html,f9293ebb,hasaam303,2025-10-10,18:55:41,-07:00,2025-10-10T18:55:41-07:00,2,8
projects\index.html,56,html,f9293ebb,hasaam303,2025-10-10,18:55:41,-07:00,2025-10-10T18:55:41-07:00,0,0
projects\index.html,57,html,f9293ebb,hasaam303,2025-10-10,18:55:41,-07:00,2025-10-10T18:55:41-07:00,2,7
projects\index.html,58,html,f9293ebb,hasaam303,2025-10-10,18:55:41,-07:00,2025-10-10T18:55:41-07:00,3,19
projects\index.html,59,html,f9293ebb,hasaam303,2025-10-10,18:55:41,-07:00,2025-10-10T18:55:41-07:00,3,91
projects\index.html,60,html,f9293ebb,hasaam303,2025-10-10,18:55:41,-07:00,2025-10-10T18:55:41-07:00,3,80
projects\index.html,61,html,f9293ebb,hasaam303,2025-10-10,18:55:41,-07:00,2025-10-10T18:55:41-07:00,2,8
projects\index.html,62,html,f9293ebb,hasaam303,2025-10-10,18:55:41,-07:00,2025-10-10T18:55:41-07:00,0,0
projects\index.html,63,html,f9293ebb,hasaam303,2025-10-10,18:55:41,-07:00,2025-10-10T18:55:41-07:00,2,7
projects\index.html,64,html,f9293ebb,hasaam303,2025-10-10,18:55:41,-07:00,2025-10-10T18:55:41-07:00,3,18
projects\index.html,65,html,f9293ebb,hasaam303,2025-10-10,18:55:41,-07:00,2025-10-10T18:55:41-07:00,3,91
projects\index.html,66,html,f9293ebb,hasaam303,2025-10-10,18:55:41,-07:00,2025-10-10T18:55:41-07:00,3,79
projects\index.html,67,html,f9293ebb,hasaam303,2025-10-10,18:55:41,-07:00,2025-10-10T18:55:41-07:00,2,8
projects\index.html,68,html,f9293ebb,hasaam303,2025-10-10,18:55:41,-07:00,2025-10-10T18:55:41-07:00,0,0
projects\index.html,69,html,f9293ebb,hasaam303,2025-10-10,18:55:41,-07:00,2025-10-10T18:55:41-07:00,2,7
projects\index.html,70,html,f9293ebb,hasaam303,2025-10-10,18:55:41,-07:00,2025-10-10T18:55:41-07:00,3,20
projects\index.html,71,html,f9293ebb,hasaam303,2025-10-10,18:55:41,-07:00,2025-10-10T18:55:41-07:00,3,91
projects\index.html,72,html,f9293ebb,hasaam303,2025-10-10,18:55:41,-07:00,2025-10-10T18:55:41-07:00,3,73
projects\index.html,73,html,f9293ebb,hasaam303,2025-10-10,18:55:41,-07:00,2025-10-10T18:55:41-07:00,2,8
projects\index.html,74,html,f9293ebb,hasaam303,2025-10-10,18:55:41,-07:00,2025-10-10T18:55:41-07:00,0,0
projects\index.html,75,html,f9293ebb,hasaam303,2025-10-10,18:55:41,-07:00,2025-10-10T18:55:41-07:00,2,7
projects\index.html,76,html,f9293ebb,hasaam303,2025-10-10,18:55:41,-07:00,2025-10-10T18:55:41-07:00,3,20
projects\index.html,77,html,f9293ebb,hasaam303,2025-10-10,18:55:41,-07:00,2025-10-10T18:55:41-07:00,3,91
projects\index.html,78,html,f9293ebb,hasaam303,2025-10-10,18:55:41,-07:00,2025-10-10T18:55:41-07:00,3,77
projects\index.html,79,html,f9293ebb,hasaam303,2025-10-10,18:55:41,-07:00,2025-10-10T18:55:41-07:00,2,8
projects\index.html,80,html,f9293ebb,hasaam303,2025-10-10,18:55:41,-07:00,2025-10-10T18:55:41-07:00,0,0
projects\index.html,81,html,f9293ebb,hasaam303,2025-10-10,18:55:41,-07:00,2025-10-10T18:55:41-07:00,2,7
projects\index.html,82,html,f9293ebb,hasaam303,2025-10-10,18:55:41,-07:00,2025-10-10T18:55:41-07:00,3,19
projects\index.html,83,html,f9293ebb,hasaam303,2025-10-10,18:55:41,-07:00,2025-10-10T18:55:41-07:00,3,91
projects\index.html,84,html,f9293ebb,hasaam303,2025-10-10,18:55:41,-07:00,2025-10-10T18:55:41-07:00,3,66
projects\index.html,85,html,f9293ebb,hasaam303,2025-10-10,18:55:41,-07:00,2025-10-10T18:55:41-07:00,2,8
projects\index.html,86,html,f9293ebb,hasaam303,2025-10-10,18:55:41,-07:00,2025-10-10T18:55:41-07:00,0,0
projects\index.html,87,html,f9293ebb,hasaam303,2025-10-10,18:55:41,-07:00,2025-10-10T18:55:41-07:00,2,7
projects\index.html,88,html,f9293ebb,hasaam303,2025-10-10,18:55:41,-07:00,2025-10-10T18:55:41-07:00,3,18
projects\index.html,89,html,f9293ebb,hasaam303,2025-10-10,18:55:41,-07:00,2025-10-10T18:55:41-07:00,3,91
projects\index.html,90,html,f9293ebb,hasaam303,2025-10-10,18:55:41,-07:00,2025-10-10T18:55:41-07:00,3,74
projects\index.html,91,html,f9293ebb,hasaam303,2025-10-10,18:55:41,-07:00,2025-10-10T18:55:41-07:00,2,8
projects\index.html,92,html,f9293ebb,hasaam303,2025-10-10,18:55:41,-07:00,2025-10-10T18:55:41-07:00,0,0
projects\index.html,93,html,f9293ebb,hasaam303,2025-10-10,18:55:41,-07:00,2025-10-10T18:55:41-07:00,2,7
projects\index.html,94,html,f9293ebb,hasaam303,2025-10-10,18:55:41,-07:00,2025-10-10T18:55:41-07:00,3,21
projects\index.html,95,html,f9293ebb,hasaam303,2025-10-10,18:55:41,-07:00,2025-10-10T18:55:41-07:00,3,91
projects\index.html,96,html,f9293ebb,hasaam303,2025-10-10,18:55:41,-07:00,2025-10-10T18:55:41-07:00,3,75
projects\index.html,97,html,f9293ebb,hasaam303,2025-10-10,18:55:41,-07:00,2025-10-10T18:55:41-07:00,2,8
projects\index.html,98,html,f9293ebb,hasaam303,2025-10-10,18:55:41,-07:00,2025-10-10T18:55:41-07:00,0,0
projects\index.html,99,html,f9293ebb,hasaam303,2025-10-10,18:55:41,-07:00,2025-10-10T18:55:41-07:00,2,7
projects\index.html,100,html,f9293ebb,hasaam303,2025-10-10,18:55:41,-07:00,2025-10-10T18:55:41-07:00,3,21
projects\index.html,101,html,f9293ebb,hasaam303,2025-10-10,18:55:41,-07:00,2025-10-10T18:55:41-07:00,3,91
projects\index.html,102,html,f9293ebb,hasaam303,2025-10-10,18:55:41,-07:00,2025-10-10T18:55:41-07:00,3,85
projects\index.html,103,html,4208a431,hasaam303,2025-10-10,14:23:11,-07:00,2025-10-10T14:23:11-07:00,2,8
projects\index.html,104,html,ceebe4a1,hasaam303,2025-10-10,14:31:43,-07:00,2025-10-10T14:31:43-07:00,1,8
projects\index.html,105,html,5748d2cb,hasaam303,2025-10-02,14:55:37,-07:00,2025-10-02T14:55:37-07:00,1,38
projects\index.html,106,html,5748d2cb,hasaam303,2025-10-02,14:55:37,-07:00,2025-10-02T14:55:37-07:00,1,2
projects\index.html,107,html,5748d2cb,hasaam303,2025-10-02,14:55:37,-07:00,2025-10-02T14:55:37-07:00,2,146
projects\index.html,108,html,5748d2cb,hasaam303,2025-10-02,14:55:37,-07:00,2025-10-02T14:55:37-07:00,2,128
projects\index.html,109,html,5748d2cb,hasaam303,2025-10-02,14:55:37,-07:00,2025-10-02T14:55:37-07:00,1,3
projects\index.html,110,html,21f4f6f7,hasaam303,2025-10-25,16:39:25,-07:00,2025-10-25T16:39:25-07:00,1,1
projects\index.html,111,html,21f4f6f7,hasaam303,2025-10-25,16:39:25,-07:00,2025-10-25T16:39:25-07:00,1,48
projects\index.html,112,html,6656a8b2,hasaam303,2025-10-25,16:55:19,-07:00,2025-10-25T16:55:19-07:00,1,49
projects\index.html,113,html,5748d2cb,hasaam303,2025-10-02,14:55:37,-07:00,2025-10-02T14:55:37-07:00,0,5
projects\index.html,114,html,c21b0648,hasaam303,2025-10-03,14:26:46,-07:00,2025-10-03T14:26:46-07:00,0,5
contact\index.html,1,html,dcfe4613,hasaam303,2025-10-02,14:43:46,-07:00,2025-10-02T14:43:46-07:00,0,13
contact\index.html,2,html,dcfe4613,hasaam303,2025-10-02,14:43:46,-07:00,2025-10-02T14:43:46-07:00,0,14
contact\index.html,3,html,dcfe4613,hasaam303,2025-10-02,14:43:46,-07:00,2025-10-02T14:43:46-07:00,0,4
contact\index.html,4,html,0533bdbf,hasaam303,2025-10-02,15:07:16,-07:00,2025-10-02T15:07:16-07:00,1,22
contact\index.html,5,html,0533bdbf,hasaam303,2025-10-02,15:07:16,-07:00,2025-10-02T15:07:16-07:00,1,70
contact\index.html,6,html,0533bdbf,hasaam303,2025-10-02,15:07:16,-07:00,2025-10-02T15:07:16-07:00,1,29
contact\index.html,7,html,0533bdbf,hasaam303,2025-10-02,15:07:16,-07:00,2025-10-02T15:07:16-07:00,1,43
contact\index.html,8,html,dcfe4613,hasaam303,2025-10-02,14:43:46,-07:00,2025-10-02T14:43:46-07:00,0,5
contact\index.html,9,html,dcfe4613,hasaam303,2025-10-02,14:43:46,-07:00,2025-10-02T14:43:46-07:00,0,4
contact\index.html,10,html,4c0d2127,hasaam303,2025-10-15,14:41:33,-07:00,2025-10-15T14:41:33-07:00,1,2
contact\index.html,11,html,dcfe4613,hasaam303,2025-10-02,14:43:46,-07:00,2025-10-02T14:43:46-07:00,1,3
contact\index.html,12,html,dcfe4613,hasaam303,2025-10-02,14:43:46,-07:00,2025-10-02T14:43:46-07:00,2,20
contact\index.html,13,html,dcfe4613,hasaam303,2025-10-02,14:43:46,-07:00,2025-10-02T14:43:46-07:00,2,33
contact\index.html,14,html,4c0d2127,hasaam303,2025-10-15,14:41:33,-07:00,2025-10-15T14:41:33-07:00,2,22
contact\index.html,15,html,ac8e2df8,hasaam303,2025-10-10,13:31:49,-07:00,2025-10-10T13:31:49-07:00,2,29
contact\index.html,16,html,dcfe4613,hasaam303,2025-10-02,14:43:46,-07:00,2025-10-02T14:43:46-07:00,2,89
contact\index.html,17,html,dcfe4613,hasaam303,2025-10-02,14:43:46,-07:00,2025-10-02T14:43:46-07:00,1,4
contact\index.html,18,html,4c0d2127,hasaam303,2025-10-15,14:41:33,-07:00,2025-10-15T14:41:33-07:00,1,1
contact\index.html,19,html,dcfe4613,hasaam303,2025-10-02,14:43:46,-07:00,2025-10-02T14:43:46-07:00,1,14
contact\index.html,20,html,dcfe4613,hasaam303,2025-10-02,14:43:46,-07:00,2025-10-02T14:43:46-07:00,1,45
contact\index.html,21,html,dcfe4613,hasaam303,2025-10-02,14:43:46,-07:00,2025-10-02T14:43:46-07:00,0,0
contact\index.html,22,html,dcfe4613,hasaam303,2025-10-02,14:43:46,-07:00,2025-10-02T14:43:46-07:00,1,78
contact\index.html,23,html,dcfe4613,hasaam303,2025-10-02,14:43:46,-07:00,2025-10-02T14:43:46-07:00,2,5
contact\index.html,24,html,0533bdbf,hasaam303,2025-10-02,15:07:16,-07:00,2025-10-02T15:07:16-07:00,3,15
contact\index.html,25,html,0533bdbf,hasaam303,2025-10-02,15:07:16,-07:00,2025-10-02T15:07:16-07:00,3,42
contact\index.html,26,html,dcfe4613,hasaam303,2025-10-02,14:43:46,-07:00,2025-10-02T14:43:46-07:00,2,6
contact\index.html,27,html,0533bdbf,hasaam303,2025-10-02,15:07:16,-07:00,2025-10-02T15:07:16-07:00,2,10
contact\index.html,28,html,dcfe4613,hasaam303,2025-10-02,14:43:46,-07:00,2025-10-02T14:43:46-07:00,0,0
contact\index.html,29,html,dcfe4613,hasaam303,2025-10-02,14:43:46,-07:00,2025-10-02T14:43:46-07:00,2,5
contact\index.html,30,html,0533bdbf,hasaam303,2025-10-02,15:07:16,-07:00,2025-10-02T15:07:16-07:00,3,12
contact\index.html,31,html,0533bdbf,hasaam303,2025-10-02,15:07:16,-07:00,2025-10-02T15:07:16-07:00,3,31
contact\index.html,32,html,dcfe4613,hasaam303,2025-10-02,14:43:46,-07:00,2025-10-02T14:43:46-07:00,2,6
contact\index.html,33,html,0533bdbf,hasaam303,2025-10-02,15:07:16,-07:00,2025-10-02T15:07:16-07:00,2,10
contact\index.html,34,html,dcfe4613,hasaam303,2025-10-02,14:43:46,-07:00,2025-10-02T14:43:46-07:00,0,0
contact\index.html,35,html,dcfe4613,hasaam303,2025-10-02,14:43:46,-07:00,2025-10-02T14:43:46-07:00,2,5
contact\index.html,36,html,0533bdbf,hasaam303,2025-10-02,15:07:16,-07:00,2025-10-02T15:07:16-07:00,3,12
contact\index.html,37,html,dcfe4613,hasaam303,2025-10-02,14:43:46,-07:00,2025-10-02T14:43:46-07:00,3,59
contact\index.html,38,html,dcfe4613,hasaam303,2025-10-02,14:43:46,-07:00,2025-10-02T14:43:46-07:00,2,6
contact\index.html,39,html,0533bdbf,hasaam303,2025-10-02,15:07:16,-07:00,2025-10-02T15:07:16-07:00,2,10
contact\index.html,40,html,dcfe4613,hasaam303,2025-10-02,14:43:46,-07:00,2025-10-02T14:43:46-07:00,0,0
contact\index.html,41,html,dcfe4613,hasaam303,2025-10-02,14:43:46,-07:00,2025-10-02T14:43:46-07:00,2,19
contact\index.html,42,html,dcfe4613,hasaam303,2025-10-02,14:43:46,-07:00,2025-10-02T14:43:46-07:00,1,5
contact\index.html,43,html,dcfe4613,hasaam303,2025-10-02,14:43:46,-07:00,2025-10-02T14:43:46-07:00,0,5
contact\index.html,44,html,c5959482,hasaam303,2025-10-15,14:00:33,-07:00,2025-10-15T14:00:33-07:00,0,48
contact\index.html,45,html,dcfe4613,hasaam303,2025-10-02,14:43:46,-07:00,2025-10-02T14:43:46-07:00,0,5
